degree 	FunK 	CC 	CLC 	CLC_F	KLV 	EI 	PR 	class
2	47	0.210662862	1	1	3	1	1	ess
2	46	0.198105152	1	1	3	1	3	ess
3	69	0.198201863	1	3	4	1	3	ess
3	67	0.244897959	1	3	4	1	1	ess
2	50	0.229562267	1	1	3	1	3	ess
2	44	0.23382607	1	1	3	1	5	ess
2	46	0.210662862	1	1	3	1	1	ess
2	50	0.209053851	1	1	3	1	0	ess
2	35	0.245986065	1	1	3	1	0	ess
2	41	0.243563465	1	1	3	1	3	ess
3	75	0.248749107	1	3	4	1	1	ess
4	86	0.223301861	1	6	5	1	4	ess
2	45	0.234897064	1	1	3	1	4	ess
2	37	0.234976367	1	1	3	1	3	ess
4	75	0.242569081	0.833333333	4.999999998	4	1	1	ess
4	101	0.224609285	0.833333333	4.999999998	4	1	5	ess
5	111	0.250372578	0.8	8	4	1	5	ess
6	147	0.250398314	0.666666667	10.00000001	6	1	3	ess
3	66	0.23962227	0.666666667	2.000000001	3	1	1	ess
6	137	0.25509189	0.666666667	10.00000001	6	1	3	ess
9	225	0.252697095	0.638888889	23	7	1	2	ess
8	158	0.254931715	0.535714286	15.00000001	5	1	5	ess
7	150	0.253591505	0.523809524	11	5	1	5	ess
4	96	0.236160931	0.5	3	4	1	5	ess
7	137	0.242956166	0.428571429	9.000000009	5	1	3	ess
6	110	0.251756924	0.4	6	4	1	3	ess
3	54	0.22745098	0.333333333	0.999999999	3	1	5	ess
4	88	0.243929305	0.333333333	1.999999998	3	1	1	ess
4	76	0.232575902	0.333333333	1.999999998	3	1	3	ess
4	76	0.246883551	0.333333333	1.999999998	3	1	4	ess
5	109	0.234636872	0.3	3	3	1	5	ess
5	116	0.268829664	0.3	3	4	1	3	ess
5	105	0.248027287	0.2	2	3	1	5	ess
6	98	0.256962025	0.2	3	3	1	4	ess
8	157	0.272011613	0.142857143	4.000000004	4	1	1	ess
5	106	0.242907713	0.1	1	3	1	4	ess
1	23	0.195301852	0	0	0	1	2	ess
1	14	0.238566252	0	0	0	1	4	ess
1	1	0.217889088	0	0	0	1	0	ess
1	27	0.189712239	0	0	0	1	4	ess
1	20	0.209062822	0	0	0	1	3	ess
1	14	0.170887408	0	0	0	1	5	ess
3	56	0.235977913	0	0	0	1	4	ess
1	18	0.198622039	0	0	0	1	4	ess
1	10	0.222536884	0	0	0	1	1	ess
1	14	0.205612999	0	0	0	1	0	ess
2	31	0.206100089	0	0	0	1	2	ess
1	24	0.196324952	0	0	0	1	4	ess
2	35	0.225128229	0	0	0	1	3	ess
1	1	0.236447464	0	0	0	1	0	ess
1	24	0.154357951	0	0	0	1	2	ess
1	11	0.184965831	0	0	0	1	1	ess
1	27	0.189712239	0	0	0	1	1	ess
2	35	0.247196712	0	0	0	1	2	ess
1	20	0.220074081	0	0	0	1	4	ess
2	40	0.214003338	0	0	0	1	3	ess
4	55	0.247699425	0	0	0	1	3	ess
2	31	0.262556585	0	0	0	1	2	ess
2	42	0.201430521	0	0	0	1	1	ess
2	34	0.240260381	0	0	0	1	5	ess
1	7	0.199524941	0	0	0	1	5	ess
1	1	0.221676222	0	0	0	1	0	ess
1	13	0.218220908	0	0	0	1	2	ess
1	1	0.224536824	0	0	0	1	0	ess
1	11	0.248305387	0	0	0	1	4	ess
2	34	0.24717163	0	0	0	1	2	ess
1	12	0.218436155	0	0	0	1	3	ess
1	25	0.172094666	0	0	0	1	2	ess
1	19	0.256016816	0	0	0	1	4	ess
2	36	0.215861763	0	0	0	1	2	ess
1	25	0.199786763	0	0	0	1	0	ess
1	19	0.192942854	0	0	0	1	5	ess
1	1	0.225294798	0	0	0	1	0	ess
3	46	0.251146966	0	0	0	1	3	ess
1	23	0.221173052	0	0	0	1	0	ess
1	25	0.178050652	0	0	0	1	4	ess
1	17	0.205612999	0	0	0	1	3	ess
1	20	0.215976594	0	0	0	1	5	ess
1	21	0.212509814	0	0	0	1	3	ess
1	14	0.176829268	0	0	0	1	4	ess
2	37	0.261907322	0	0	0	1	3	ess
1	16	0.191720447	0	0	0	1	5	ess
4	71	0.245453171	0	0	0	1	4	ess
1	10	0.238216311	0	0	0	1	3	ess
1	13	0.229583903	0	0	0	1	4	ess
1	8	0.245799909	0	0	0	1	4	ess
1	17	0.238566252	0	0	0	1	3	ess
1	15	0.249449593	0	0	0	1	4	ess
2	29	0.247498095	0	0	0	1	5	ess
1	11	0.245799909	0	0	0	1	2	ess
1	15	0.216774194	0	0	0	1	4	ess
1	1	0.19804878	0	0	0	1	0	ess
1	14	0.245799909	0	0	0	1	3	ess
1	23	0.195301852	0	0	0	1	2	ess
1	24	0.210653753	0	0	0	1	4	ess
1	23	0.210653753	0	0	0	1	3	ess
2	40	0.212075045	0	0	0	1	5	ess
1	19	0.23035461	0	0	0	1	2	ess
1	1	0.207239781	0	0	0	1	0	ess
11	266	0.265215024	0.327272727	17.99999999	7	0.909090909	3	ess
10	180	0.264868979	0.377777778	17.00000001	5	0.9	5	ess
9	172	0.267515924	0.166666667	6.000000012	4	0.888888889	1	ess
8	190	0.260646266	0.642857143	18	7	0.875	4	ess
8	153	0.25363111	0.285714286	8.000000008	5	0.875	4	ess
15	358	0.257996187	0.266666667	28.00000004	6	0.866666667	5	ess
7	170	0.257709601	0.857142857	18	7	0.857142857	1	ess
7	160	0.219035202	0.714285714	14.99999999	7	0.857142857	1	ess
7	145	0.252448313	0.666666667	14.00000001	5	0.857142857	4	ess
7	155	0.247334755	0.476190476	9.999999996	5	0.857142857	3	ess
7	169	0.265533028	0.333333333	6.999999993	4	0.857142857	5	ess
7	127	0.269498838	0.19047619	3.99999999	4	0.857142857	2	ess
13	280	0.265938865	0.205128205	15.99999999	5	0.846153846	3	ess
13	207	0.260367678	0.128205128	9.999999984	5	0.846153846	4	ess
19	400	0.27386172	0.461988304	78.99999998	9	0.842105263	5	ess
31	636	0.286993402	0.124731183	58.0000001	5	0.838709677	5	ess
6	141	0.25686719	1	15	7	0.833333333	3	ess
6	150	0.21558476	1	15	7	0.833333333	4	ess
6	120	0.255936121	0.933333333	14	6	0.833333333	4	ess
6	136	0.239610485	0.466666667	7.000000005	5	0.833333333	0	ess
30	540	0.281862887	0.255172414	111.0000001	7	0.833333333	4	ess
6	119	0.252186966	0.2	3	3	0.833333333	2	ess
17	375	0.262542437	0.566176471	77.00000006	9	0.823529412	4	ess
17	398	0.283354659	0.375	51	8	0.823529412	5	ess
34	697	0.278686649	0.131907308	73.99999979	5	0.823529412	5	ess
11	219	0.259909309	0.618181818	33.99999999	7	0.818181818	1	ess
16	376	0.27754358	0.408333333	48.99999996	8	0.8125	5	ess
16	353	0.266156788	0.283333333	33.99999996	4	0.8125	4	ess
36	745	0.287331918	0.119047619	74.99999997	7	0.805555556	0	ess
5	87	0.25526564	0.6	6	5	0.8	4	ess
5	87	0.234625572	0.5	5	4	0.8	2	ess
5	95	0.257410049	0.5	5	4	0.8	5	ess
10	178	0.263209076	0.422222222	18.99999999	5	0.8	4	ess
5	121	0.235955056	0.4	4	4	0.8	5	ess
10	219	0.259770728	0.333333333	14.99999999	4	0.8	4	ess
5	92	0.248039914	0.3	3	3	0.8	4	ess
5	94	0.249846154	0.3	3	4	0.8	5	ess
10	236	0.271814327	0.244444444	10.99999998	5	0.8	4	ess
5	97	0.259535478	0.2	2	3	0.8	5	ess
15	321	0.269752505	0.161904762	17.00000001	5	0.8	3	ess
5	54	0.273369992	0.1	1	3	0.8	5	ess
5	95	0.269842149	0.1	1	3	0.8	2	ess
5	89	0.256475047	0	0	0	0.8	4	ess
5	72	0.281928129	0	0	0	0.8	0	ess
5	80	0.250630176	0	0	0	0.8	4	ess
19	423	0.260465116	0.514619883	87.99999999	9	0.789473684	3	ess
19	383	0.262910798	0.502923977	86.00000007	9	0.789473684	3	ess
57	1137	0.297981651	0.078947368	125.9999993	5	0.789473684	5	ess
33	657	0.286369247	0.134469697	71.00000002	5	0.787878788	4	ess
14	299	0.252854474	0.593406593	53.99999996	9	0.785714286	5	ess
14	315	0.280823102	0.285714286	26.00000003	6	0.785714286	5	ess
14	319	0.266127711	0.230769231	21.00000002	5	0.785714286	4	ess
9	206	0.279229711	0.583333333	20.99999999	8	0.777777778	1	ess
18	370	0.256057182	0.490196078	74.99999993	9	0.777777778	5	ess
18	278	0.269573397	0.359477124	54.99999997	7	0.777777778	4	ess
18	427	0.278925975	0.339869281	51.99999999	8	0.777777778	4	ess
18	395	0.287637265	0.189542484	29.00000005	5	0.777777778	1	ess
9	187	0.278447734	0.083333333	2.999999988	3	0.777777778	1	ess
13	286	0.265287231	0.333333333	25.99999997	6	0.769230769	4	ess
25	547	0.282222093	0.216666667	65.0000001	6	0.76	2	ess
4	92	0.215508471	0.833333333	4.999999998	4	0.75	0	ess
12	267	0.237184168	0.651515152	43.00000003	9	0.75	1	ess
12	286	0.272895312	0.621212121	40.99999999	8	0.75	4	ess
16	353	0.259148936	0.6	72	9	0.75	5	ess
12	271	0.267032064	0.515151515	33.99999999	8	0.75	4	ess
4	88	0.250295402	0.5	3	4	0.75	5	ess
4	80	0.247271989	0.5	3	4	0.75	5	ess
4	77	0.200082136	0.5	3	4	0.75	3	ess
4	73	0.251769934	0.5	3	4	0.75	5	ess
4	86	0.249807722	0.5	3	4	0.75	3	ess
16	369	0.27980703	0.441666667	53.00000004	8	0.75	5	ess
4	77	0.275114349	0.333333333	1.999999998	3	0.75	4	ess
8	171	0.26485458	0.321428571	8.999999988	5	0.75	2	ess
8	149	0.252239192	0.285714286	8.000000008	5	0.75	4	ess
8	143	0.261275272	0.25	7	4	0.75	5	ess
8	146	0.256745363	0.214285714	5.999999992	4	0.75	5	ess
12	242	0.268237626	0.196969697	13	5	0.75	5	ess
4	72	0.270291262	0.166666667	1.000000002	3	0.75	4	ess
8	91	0.284297135	0.107142857	2.999999996	3	0.75	4	ess
12	217	0.28254944	0.106060606	6.999999996	4	0.75	2	ess
8	169	0.242689913	0.071428571	1.999999988	3	0.75	4	ess
8	145	0.273416017	0.071428571	1.999999988	3	0.75	5	ess
8	206	0.234118212	0	0	0	0.75	1	ess
4	66	0.251185812	0	0	0	0.75	5	ess
4	58	0.252043456	0	0	0	0.75	0	ess
4	55	0.235101095	0	0	0	0.75	0	ess
4	55	0.230867649	0	0	0	0.75	5	ess
4	75	0.240521327	0	0	0	0.75	4	ess
23	505	0.281699913	0.316205534	80.0000001	7	0.739130435	5	ess
19	394	0.268459334	0.280701754	47.99999993	8	0.736842105	5	ess
19	361	0.293246659	0.087719298	14.99999996	4	0.736842105	5	ess
11	221	0.274139095	0.472727273	26.00000002	7	0.727272727	4	ess
11	238	0.278973889	0.4	22	7	0.727272727	3	ess
11	259	0.256461547	0.381818182	21.00000001	6	0.727272727	3	ess
11	259	0.266171329	0.345454545	18.99999998	7	0.727272727	2	ess
11	182	0.269424321	0.327272727	17.99999999	6	0.727272727	4	ess
22	445	0.287128713	0.116883117	27.00000003	5	0.727272727	4	ess
40	661	0.293352601	0.074358974	57.99999972	5	0.725	5	ess
36	782	0.288899431	0.228571429	144.0000003	10	0.722222222	4	ess
18	372	0.28371768	0.196078431	29.99999994	8	0.722222222	3	ess
14	329	0.262386902	0.626373626	56.99999997	7	0.714285714	4	ess
7	154	0.25565409	0.476190476	9.999999996	5	0.714285714	5	ess
7	127	0.248596796	0.428571429	9.000000009	5	0.714285714	5	ess
7	123	0.279903482	0.333333333	6.999999993	4	0.714285714	3	ess
7	133	0.252998909	0.333333333	6.999999993	4	0.714285714	5	ess
7	131	0.250875386	0.285714286	6.000000006	4	0.714285714	3	ess
14	312	0.262939176	0.241758242	22.00000002	4	0.714285714	4	ess
7	129	0.25530577	0.238095238	4.999999998	4	0.714285714	4	ess
28	459	0.274803993	0.206349206	77.99999987	7	0.714285714	4	ess
7	145	0.246571183	0.19047619	3.99999999	4	0.714285714	4	ess
7	121	0.24105685	0.19047619	3.99999999	4	0.714285714	4	ess
7	118	0.27878233	0.142857143	3.000000003	3	0.714285714	4	ess
35	705	0.306068602	0.112605042	66.99999999	6	0.714285714	5	ess
7	159	0.252265314	0.095238095	1.999999995	3	0.714285714	4	ess
7	120	0.290069064	0.047619048	1.000000008	3	0.714285714	1	ess
7	119	0.266316825	0.047619048	1.000000008	3	0.714285714	2	ess
38	716	0.289122307	0.179231863	125.9999997	7	0.710526316	3	ess
17	286	0.284546198	0.176470588	23.99999997	6	0.705882353	5	ess
17	263	0.287722199	0.080882353	11.00000001	5	0.705882353	5	ess
10	206	0.253855773	0.4	18	6	0.7	3	ess
20	347	0.276896846	0.336842105	63.99999995	7	0.7	5	ess
10	175	0.27000665	0.155555556	7.00000002	4	0.7	5	ess
10	139	0.269812261	0.044444444	1.99999998	3	0.7	5	ess
23	483	0.272391815	0.18972332	47.99999996	6	0.695652174	5	ess
13	245	0.268636965	0.115384615	8.99999997	4	0.692307692	3	ess
16	278	0.277717608	0.183333333	21.99999996	5	0.6875	5	ess
51	982	0.298036337	0.078431373	100.0000006	6	0.68627451	4	ess
22	423	0.296476602	0.303030303	69.99999999	7	0.681818182	3	ess
22	452	0.277828467	0.246753247	57.00000006	9	0.681818182	5	ess
22	459	0.279149716	0.164502165	38.00000012	5	0.681818182	5	ess
22	372	0.28729803	0.155844156	36.00000004	5	0.681818182	4	ess
22	413	0.275612378	0.125541126	29.00000011	6	0.681818182	5	ess
25	492	0.30187744	0.23	69	7	0.68	3	ess
9	228	0.231328047	0.972222222	34.99999999	9	0.666666667	5	ess
3	29	0.266725063	0.666666667	2.000000001	3	0.666666667	4	ess
3	67	0.232420571	0.666666667	2.000000001	3	0.666666667	3	ess
18	324	0.279662476	0.379084967	57.99999995	9	0.666666667	4	ess
6	124	0.254001356	0.333333333	4.999999995	3	0.666666667	3	ess
6	126	0.2688	0.333333333	4.999999995	4	0.666666667	4	ess
3	54	0.243271583	0.333333333	0.999999999	3	0.666666667	2	ess
3	56	0.208338679	0.333333333	0.999999999	3	0.666666667	3	ess
3	48	0.253736785	0.333333333	0.999999999	3	0.666666667	3	ess
3	51	0.203508772	0.333333333	0.999999999	3	0.666666667	1	ess
3	38	0.2688	0.333333333	0.999999999	3	0.666666667	3	ess
3	48	0.258956097	0.333333333	0.999999999	3	0.666666667	5	ess
6	114	0.24925816	0.333333333	4.999999995	3	0.666666667	1	ess
6	106	0.280128795	0.333333333	4.999999995	4	0.666666667	1	ess
3	68	0.208338679	0.333333333	0.999999999	3	0.666666667	3	ess
3	67	0.244014825	0.333333333	0.999999999	3	0.666666667	3	ess
3	57	0.244713446	0.333333333	0.999999999	3	0.666666667	5	ess
9	159	0.27550328	0.305555556	11.00000002	4	0.666666667	5	ess
12	224	0.266156788	0.287878788	19.00000001	6	0.666666667	5	ess
9	163	0.253459578	0.277777778	10.00000001	4	0.666666667	5	ess
6	115	0.237172622	0.266666667	4.000000005	4	0.666666667	3	ess
6	109	0.25686719	0.266666667	4.000000005	4	0.666666667	4	ess
9	180	0.262896611	0.222222222	7.999999992	4	0.666666667	2	ess
6	109	0.255105247	0.2	3	3	0.666666667	0	ess
6	119	0.234208249	0.2	3	3	0.666666667	1	ess
12	269	0.283701159	0.196969697	13	4	0.666666667	5	ess
9	125	0.283965728	0.194444444	6.999999984	4	0.666666667	0	ess
21	366	0.28152086	0.180952381	38.00000001	6	0.666666667	4	ess
45	858	0.28879668	0.170707071	169.0000003	7	0.666666667	5	ess
15	283	0.278129817	0.161904762	17.00000001	4	0.666666667	4	ess
6	96	0.257206208	0.133333333	1.999999995	3	0.666666667	1	ess
6	105	0.272712007	0.066666667	1.000000005	3	0.666666667	1	ess
9	132	0.256718305	0.027777778	1.000000008	3	0.666666667	3	ess
3	50	0.239551578	0	0	0	0.666666667	2	ess
3	44	0.242919824	0	0	0	0.666666667	0	ess
3	42	0.247787611	0	0	0	0.666666667	4	ess
3	46	0.234931044	0	0	0	0.666666667	2	ess
3	47	0.238706516	0	0	0	0.666666667	4	ess
3	37	0.262259784	0	0	0	0.666666667	0	ess
3	56	0.208303048	0	0	0	0.666666667	3	ess
3	55	0.242267529	0	0	0	0.666666667	5	ess
3	39	0.2390579	0	0	0	0.666666667	2	ess
3	37	0.222161423	0	0	0	0.666666667	4	ess
3	52	0.247737211	0	0	0	0.666666667	5	ess
3	56	0.223332569	0	0	0	0.666666667	4	ess
29	515	0.27545655	0.100985222	41.00000013	6	0.655172414	4	ess
26	484	0.293264311	0.335384615	108.9999999	10	0.653846154	4	ess
26	574	0.296350365	0.126153846	40.99999995	6	0.653846154	5	ess
20	404	0.280596671	0.252631579	48.00000001	5	0.65	0	ess
17	389	0.26764819	0.360294118	49.00000005	6	0.647058824	4	ess
14	278	0.275005645	0.307692308	28.00000003	6	0.642857143	5	ess
28	541	0.306126296	0.134920635	51.00000003	5	0.642857143	5	ess
14	232	0.282140375	0.098901099	9.000000009	4	0.642857143	1	ess
11	187	0.268060523	0.363636364	20.00000002	6	0.636363636	4	ess
11	206	0.256704779	0.290909091	16.00000001	5	0.636363636	5	ess
22	324	0.282058704	0.255411255	58.99999991	7	0.636363636	4	ess
22	436	0.299171016	0.164502165	38.00000012	5	0.636363636	0	ess
11	242	0.268045775	0.145454545	7.999999975	5	0.636363636	4	ess
22	437	0.289397089	0.134199134	30.99999995	4	0.636363636	0	ess
22	380	0.284729122	0.112554113	26.0000001	5	0.636363636	4	ess
19	356	0.282926829	0.198830409	33.99999994	6	0.631578947	3	ess
19	404	0.276959809	0.134502924	23	5	0.631578947	5	ess
8	186	0.226931855	0.714285714	19.99999999	7	0.625	3	ess
8	164	0.258585001	0.678571429	19.00000001	6	0.625	3	ess
8	170	0.256313131	0.535714286	15.00000001	5	0.625	4	ess
8	128	0.263850528	0.428571429	12.00000001	5	0.625	4	ess
24	455	0.281325788	0.34057971	93.99999996	10	0.625	5	ess
16	355	0.273170732	0.25	30	5	0.625	5	ess
8	147	0.256826568	0.25	7	4	0.625	4	ess
16	281	0.282303859	0.175	21	6	0.625	5	ess
16	291	0.271814327	0.166666667	20.00000004	5	0.625	5	ess
48	874	0.296440523	0.146276596	165.0000003	7	0.625	5	ess
8	152	0.243174445	0.107142857	2.999999996	3	0.625	5	ess
8	131	0.266055046	0.071428571	1.999999988	3	0.625	1	ess
13	198	0.270922538	0.115384615	8.99999997	4	0.615384615	4	ess
18	390	0.262882426	0.483660131	74.00000004	7	0.611111111	1	ess
23	425	0.278575104	0.181818182	46.00000005	6	0.608695652	4	ess
48	880	0.299115914	0.118794326	133.9999997	7	0.604166667	5	ess
10	254	0.23274256	0.888888889	40.00000001	9	0.6	3	ess
10	254	0.23274256	0.888888889	40.00000001	9	0.6	2	ess
10	226	0.270441299	0.666666667	30.00000002	6	0.6	1	ess
5	97	0.242098986	0.5	5	4	0.6	4	ess
10	198	0.25739645	0.488888889	22.00000001	6	0.6	4	ess
5	100	0.263394064	0.4	4	4	0.6	4	ess
5	103	0.239799183	0.4	4	3	0.6	4	ess
10	205	0.279437912	0.355555556	16.00000002	6	0.6	4	ess
5	106	0.275924562	0.3	3	4	0.6	3	ess
10	174	0.278878077	0.266666667	12.00000002	5	0.6	3	ess
20	383	0.273523467	0.231578947	43.99999993	7	0.6	3	ess
10	207	0.227185824	0.222222222	9.99999999	4	0.6	4	ess
10	208	0.245539764	0.2	9	4	0.6	5	ess
5	99	0.272391815	0.2	2	3	0.6	5	ess
5	98	0.238811823	0.2	2	3	0.6	5	ess
35	586	0.299281283	0.188235294	111.9999999	7	0.6	5	ess
10	202	0.257165479	0.177777778	8.00000001	4	0.6	4	ess
10	184	0.272011613	0.133333333	5.999999985	5	0.6	5	ess
15	306	0.283453572	0.114285714	11.99999997	5	0.6	4	ess
5	70	0.254014599	0.1	1	3	0.6	3	ess
5	86	0.241367352	0.1	1	3	0.6	5	ess
5	63	0.273692489	0.1	1	3	0.6	1	ess
5	81	0.253512332	0.1	1	3	0.6	5	ess
15	208	0.287399717	0.019047619	1.999999995	3	0.6	1	ess
5	83	0.253314616	0	0	0	0.6	3	ess
5	107	0.266171329	0	0	0	0.6	3	ess
5	97	0.246284501	0	0	0	0.6	1	ess
5	58	0.246122758	0	0	0	0.6	3	ess
17	241	0.290796228	0.095588235	12.99999996	5	0.588235294	4	ess
12	175	0.292894072	0.227272727	14.99999998	6	0.583333333	4	ess
12	257	0.265518557	0.196969697	13	5	0.583333333	5	ess
12	253	0.257546123	0.106060606	6.999999996	4	0.583333333	5	ess
55	856	0.312528065	0.105723906	157.0000004	7	0.581818182	3	ess
43	820	0.295236941	0.127353267	115.0000001	7	0.581395349	5	ess
19	323	0.279245716	0.198830409	33.99999994	6	0.578947368	4	ess
19	280	0.27865477	0.099415205	17.00000006	5	0.578947368	1	ess
26	425	0.28996548	0.273846154	89.00000005	10	0.576923077	5	ess
7	152	0.253855773	0.714285714	14.99999999	7	0.571428571	2	ess
14	290	0.268874172	0.549450549	49.99999996	9	0.571428571	5	ess
14	231	0.273830935	0.450549451	41.00000004	9	0.571428571	5	ess
14	299	0.26383624	0.395604396	36.00000004	6	0.571428571	3	ess
7	150	0.259535478	0.333333333	6.999999993	5	0.571428571	1	ess
14	297	0.271360143	0.32967033	30.00000003	7	0.571428571	3	ess
14	221	0.275799604	0.263736264	24.00000002	6	0.571428571	3	ess
7	126	0.250565727	0.238095238	4.999999998	4	0.571428571	0	ess
7	134	0.27268148	0.238095238	4.999999998	4	0.571428571	5	ess
7	143	0.271450858	0.238095238	4.999999998	3	0.571428571	2	ess
7	116	0.255949567	0.142857143	3.000000003	4	0.571428571	4	ess
7	123	0.244039271	0.142857143	3.000000003	4	0.571428571	3	ess
7	119	0.244149336	0.142857143	3.000000003	3	0.571428571	0	ess
21	410	0.271556769	0.138095238	28.99999998	5	0.571428571	4	ess
7	117	0.263123785	0.095238095	1.999999995	3	0.571428571	4	ess
7	141	0.283206417	0.095238095	1.999999995	3	0.571428571	4	ess
7	109	0.247611303	0.095238095	1.999999995	3	0.571428571	5	ess
7	109	0.256124487	0.095238095	1.999999995	3	0.571428571	2	ess
14	214	0.25881853	0	0	0	0.571428571	3	ess
30	512	0.289328345	0.333333333	144.9999999	10	0.566666667	5	ess
23	439	0.27330865	0.118577075	29.99999998	5	0.565217391	5	ess
16	343	0.271981243	0.216666667	26.00000004	5	0.5625	5	ess
16	274	0.286049789	0.183333333	21.99999996	7	0.5625	3	ess
16	300	0.277638477	0.183333333	21.99999996	5	0.5625	5	ess
16	254	0.274386123	0.15	18	4	0.5625	4	ess
16	293	0.272880027	0.141666667	17.00000004	5	0.5625	4	ess
9	228	0.231536926	0.888888889	32	9	0.555555556	1	ess
9	197	0.263365587	0.583333333	20.99999999	7	0.555555556	4	ess
9	194	0.263052751	0.444444444	15.99999998	5	0.555555556	5	ess
18	307	0.27902182	0.267973856	40.99999997	6	0.555555556	3	ess
9	164	0.267222466	0.111111111	3.999999996	4	0.555555556	5	ess
9	164	0.274169949	0.111111111	3.999999996	3	0.555555556	3	ess
9	158	0.27176884	0.055555556	2.000000016	3	0.555555556	5	ess
9	170	0.262584887	0.027777778	1.000000008	3	0.555555556	1	ess
9	183	0.259286855	0	0	0	0.555555556	5	ess
11	256	0.266535368	0.345454545	18.99999998	7	0.545454545	5	ess
11	232	0.274077408	0.309090909	17	7	0.545454545	3	ess
11	143	0.255922677	0	0	0	0.545454545	0	ess
35	718	0.288045406	0.075630252	44.99999994	5	0.542857143	5	ess
13	314	0.25277576	0.512820513	40.00000001	9	0.538461538	3	ess
26	439	0.294185134	0.147692308	48.0000001	6	0.538461538	4	ess
28	437	0.28452958	0.066137566	24.99999995	5	0.535714286	5	ess
15	233	0.273677115	0.323809524	34.00000002	7	0.533333333	4	ess
30	557	0.278734481	0.177011494	76.99999989	7	0.533333333	4	ess
30	609	0.283354659	0.156321839	67.99999997	7	0.533333333	4	ess
15	218	0.27902182	0.028571429	3.000000045	3	0.533333333	5	ess
17	284	0.278145695	0.477941176	64.99999994	9	0.529411765	4	ess
23	443	0.273815545	0.122529644	30.99999993	5	0.52173913	5	ess
25	515	0.280645161	0.17	51	6	0.52	5	ess
33	658	0.289276808	0.106060606	55.99999997	7	0.515151515	5	ess
33	634	0.299760044	0.09280303	48.99999984	6	0.515151515	4	ess
2	24	0.260409429	1	1	3	0.5	5	ess
2	56	0.197047523	1	1	3	0.5	5	ess
2	44	0.227589106	1	1	3	0.5	1	ess
2	35	0.190163934	1	1	3	0.5	0	ess
8	177	0.244394281	0.607142857	17	7	0.5	4	ess
8	155	0.257328474	0.571428571	15.99999999	6	0.5	4	ess
6	136	0.260632322	0.533333333	7.999999995	5	0.5	1	ess
4	83	0.24147502	0.5	3	3	0.5	5	ess
14	242	0.26795732	0.373626374	34.00000003	6	0.5	4	ess
8	177	0.260716006	0.357142857	9.999999996	5	0.5	3	ess
12	225	0.268889012	0.348484848	22.99999997	6	0.5	4	ess
6	125	0.256502053	0.333333333	4.999999995	4	0.5	0	ess
10	158	0.26488338	0.333333333	14.99999999	5	0.5	4	ess
6	95	0.258392999	0.333333333	4.999999995	4	0.5	5	ess
18	324	0.296404453	0.326797386	50.00000006	9	0.5	3	ess
32	638	0.286841331	0.306451613	152	10	0.5	5	ess
22	352	0.278415909	0.281385281	64.99999991	10	0.5	5	ess
6	104	0.243356643	0.266666667	4.000000005	4	0.5	3	ess
10	178	0.268414963	0.266666667	12.00000002	5	0.5	4	ess
8	128	0.248090437	0.25	7	4	0.5	5	ess
26	506	0.29307026	0.243076923	78.99999998	9	0.5	4	ess
12	217	0.268163804	0.227272727	14.99999998	5	0.5	3	ess
16	277	0.279518072	0.208333333	24.99999996	6	0.5	4	ess
16	253	0.287535411	0.208333333	24.99999996	7	0.5	1	ess
6	107	0.237380628	0.2	3	3	0.5	1	ess
6	115	0.243502599	0.2	3	4	0.5	4	ess
6	115	0.264955406	0.2	3	4	0.5	4	ess
12	220	0.28083929	0.196969697	13	5	0.5	4	ess
20	369	0.267442499	0.178947368	33.99999992	7	0.5	4	ess
8	126	0.280920256	0.178571429	5.000000012	4	0.5	3	ess
22	407	0.285881939	0.177489177	40.99999989	7	0.5	4	ess
42	703	0.310377779	0.174216028	150.0000001	10	0.5	5	ess
4	70	0.244639719	0.166666667	1.000000002	3	0.5	2	ess
4	75	0.257750503	0.166666667	1.000000002	3	0.5	5	ess
4	73	0.236424516	0.166666667	1.000000002	3	0.5	3	ess
4	57	0.253301445	0.166666667	1.000000002	3	0.5	4	ess
14	248	0.264753831	0.164835165	15.00000002	5	0.5	5	ess
18	329	0.293017381	0.14379085	22.00000005	5	0.5	5	ess
8	150	0.274664562	0.142857143	4.000000004	4	0.5	3	ess
18	273	0.28393263	0.137254902	21.00000001	5	0.5	4	ess
6	109	0.220972424	0.133333333	1.999999995	3	0.5	1	ess
14	243	0.247021244	0.10989011	10.00000001	4	0.5	3	ess
10	188	0.262189215	0.088888889	4.000000005	4	0.5	4	ess
20	362	0.291911324	0.084210526	15.99999994	4	0.5	4	ess
24	469	0.274556213	0.079710145	22.00000002	5	0.5	5	ess
22	425	0.285999413	0.069264069	15.99999994	5	0.5	5	ess
20	309	0.27390791	0.042105263	7.99999997	4	0.5	4	ess
8	115	0.269215892	0.035714286	1.000000008	3	0.5	0	ess
2	31	0.20338134	0	0	0	0.5	3	ess
2	43	0.221666136	0	0	0	0.5	1	ess
4	61	0.240889988	0	0	0	0.5	2	ess
8	112	0.270606532	0	0	0	0.5	4	ess
2	27	0.209116662	0	0	0	0.5	5	ess
2	32	0.243624362	0	0	0	0.5	4	ess
2	22	0.238484507	0	0	0	0.5	3	ess
6	86	0.261569849	0	0	0	0.5	5	ess
6	114	0.232876058	0	0	0	0.5	3	ess
2	39	0.227101105	0	0	0	0.5	4	ess
2	24	0.22101252	0	0	0	0.5	0	ess
2	27	0.25153596	0	0	0	0.5	4	ess
2	31	0.233288642	0	0	0	0.5	1	ess
2	37	0.244271747	0	0	0	0.5	4	ess
6	98	0.249654112	0	0	0	0.5	0	ess
4	79	0.259743029	0	0	0	0.5	1	ess
4	53	0.252278376	0	0	0	0.5	0	ess
2	24	0.203143894	0	0	0	0.5	5	ess
2	20	0.233814849	0	0	0	0.5	5	ess
4	62	0.230387289	0	0	0	0.5	3	ess
4	56	0.269722637	0	0	0	0.5	4	ess
2	36	0.239140038	0	0	0	0.5	4	ess
2	17	0.240687679	0	0	0	0.5	0	ess
2	33	0.266520788	0	0	0	0.5	3	ess
4	46	0.254718461	0	0	0	0.5	2	ess
2	41	0.21661035	0	0	0	0.5	4	ess
2	17	0.247498095	0	0	0	0.5	1	ess
4	54	0.265417302	0	0	0	0.5	2	ess
4	39	0.24694612	0	0	0	0.5	4	ess
2	2	0.230780162	0	0	0	0.5	0	ess
2	2	0.24383164	0	0	0	0.5	0	ess
4	23	0.25	0	0	0	0.5	3	ess
2	42	0.232365145	0	0	0	0.5	2	ess
2	43	0.216053215	0	0	0	0.5	2	ess
2	34	0.215680198	0	0	0	0.5	1	ess
2	27	0.248153619	0	0	0	0.5	5	ess
2	35	0.254372683	0	0	0	0.5	2	ess
2	26	0.214805344	0	0	0	0.5	4	ess
2	2	0.255158689	0	0	0	0.5	0	ess
4	68	0.248280079	0	0	0	0.5	5	ess
4	47	0.237392194	0	0	0	0.5	2	ess
2	30	0.256785959	0	0	0	0.5	1	ess
2	42	0.221948886	0	0	0	0.5	1	ess
4	61	0.237704918	0	0	0	0.5	2	ess
2	39	0.207858697	0	0	0	0.5	2	ess
4	58	0.242532855	0	0	0	0.5	0	ess
2	28	0.244529211	0	0	0	0.5	3	ess
2	34	0.234535214	0	0	0	0.5	4	ess
2	38	0.217034925	0	0	0	0.5	5	ess
31	609	0.280985063	0.141935484	66.00000006	7	0.483870968	4	ess
25	363	0.298218767	0.01	3	3	0.48	4	ess
23	393	0.27806632	0.067193676	17.00000003	5	0.47826087	5	ess
40	615	0.291317867	0.029487179	22.99999962	6	0.475	4	ess
17	314	0.277606838	0.242647059	33.00000002	7	0.470588235	4	ess
17	287	0.260897505	0.117647059	16.00000002	5	0.470588235	4	ess
17	313	0.293582404	0.073529412	10.00000003	5	0.470588235	4	ess
17	285	0.284779051	0.014705882	1.999999952	3	0.470588235	4	ess
32	577	0.284878962	0.131048387	64.99999995	7	0.46875	5	ess
15	278	0.271209085	0.19047619	19.99999995	5	0.466666667	5	ess
13	285	0.247749809	0.294871795	23.00000001	6	0.461538462	4	ess
26	469	0.305703708	0.116923077	38.00000003	5	0.461538462	4	ess
13	216	0.27236136	0.115384615	8.99999997	4	0.461538462	3	ess
13	218	0.275799604	0.064102564	4.999999992	3	0.461538462	2	ess
13	232	0.266856548	0.012820513	1.000000014	3	0.461538462	5	ess
24	392	0.277369769	0.105072464	29.00000006	4	0.458333333	4	ess
11	195	0.258379296	0.290909091	16.00000001	5	0.454545455	5	ess
11	203	0.266885785	0.181818182	10.00000001	4	0.454545455	2	ess
11	157	0.274417033	0.018181818	0.99999999	3	0.454545455	4	ess
20	310	0.28250029	0.052631579	10.00000001	3	0.45	5	ess
60	906	0.300221839	0.028248588	50.00000076	7	0.45	4	ess
9	172	0.265692316	0.194444444	6.999999984	4	0.444444444	4	ess
9	161	0.260590501	0.138888889	5.000000004	4	0.444444444	5	ess
27	470	0.290553435	0.128205128	44.99999993	7	0.444444444	5	ess
9	147	0.273754003	0.083333333	2.999999988	3	0.444444444	0	ess
9	143	0.275285343	0.083333333	2.999999988	3	0.444444444	4	ess
18	284	0.272528948	0.045751634	7.000000002	4	0.444444444	5	ess
52	948	0.309647896	0.136500754	180.9999998	10	0.442307692	5	ess
57	817	0.321414435	0.040100251	64.0000006	5	0.438596491	4	ess
16	259	0.285932273	0.075	9	4	0.4375	3	ess
16	243	0.278606965	0.058333333	6.99999996	4	0.4375	1	ess
16	241	0.287535411	0.033333333	3.99999996	3	0.4375	3	ess
16	204	0.296711328	0.016666667	2.00000004	3	0.4375	2	ess
30	418	0.300221839	0.105747126	45.99999981	6	0.433333333	4	ess
7	120	0.25234371	0.476190476	9.999999996	5	0.428571429	4	ess
14	321	0.254147105	0.43956044	40.00000004	8	0.428571429	4	ess
21	395	0.284712482	0.214285714	44.99999994	8	0.428571429	5	ess
7	112	0.265475153	0.19047619	3.99999999	4	0.428571429	4	ess
7	103	0.246533752	0.142857143	3.000000003	4	0.428571429	3	ess
28	437	0.291300448	0.111111111	41.99999996	5	0.428571429	5	ess
7	115	0.264308577	0.095238095	1.999999995	3	0.428571429	3	ess
14	219	0.274386123	0.054945055	5.000000005	4	0.428571429	5	ess
14	226	0.275067751	0.054945055	5.000000005	4	0.428571429	4	ess
7	104	0.275690358	0.047619048	1.000000008	3	0.428571429	2	ess
21	289	0.2906401	0.019047619	3.99999999	3	0.428571429	5	ess
14	168	0.291561939	0.010989011	1.000000001	3	0.428571429	5	ess
7	93	0.250939995	0	0	0	0.428571429	4	ess
66	849	0.312688531	0.027505828	59.00000106	6	0.424242424	5	ess
19	405	0.275721562	0.251461988	42.99999995	9	0.421052632	5	ess
19	313	0.280483592	0.081871345	14	4	0.421052632	5	ess
19	308	0.280580511	0.076023392	13.00000003	5	0.421052632	3	ess
19	289	0.273186049	0.035087719	5.999999949	4	0.421052632	1	ess
19	260	0.261401438	0	0	0	0.421052632	3	ess
12	240	0.269633073	0.378787879	25.00000001	7	0.416666667	1	ess
12	230	0.267325103	0.242424242	15.99999997	5	0.416666667	3	ess
12	221	0.277780945	0.090909091	6.000000006	4	0.416666667	1	ess
12	204	0.27184466	0.090909091	6.000000006	3	0.416666667	5	ess
60	1076	0.299318056	0.043502825	77.00000025	9	0.416666667	4	ess
29	474	0.296422487	0.096059113	38.99999988	5	0.413793103	5	ess
17	254	0.278846154	0.051470588	6.999999968	3	0.411764706	2	ess
32	625	0.297945205	0.169354839	84.00000014	8	0.40625	3	ess
5	103	0.240023648	0.3	3	3	0.4	3	ess
15	299	0.293830288	0.285714286	30.00000003	8	0.4	2	ess
5	106	0.244492397	0.2	2	3	0.4	4	ess
5	100	0.250243978	0.2	2	3	0.4	5	ess
5	39	0.249245409	0.2	2	3	0.4	4	ess
5	65	0.217801422	0.2	2	3	0.4	5	ess
25	454	0.289087996	0.15	45	5	0.4	2	ess
15	223	0.26627316	0.142857143	15.00000002	5	0.4	5	ess
10	219	0.234795181	0.111111111	4.999999995	3	0.4	0	ess
5	107	0.262175106	0.1	1	3	0.4	2	ess
5	102	0.236964981	0.1	1	3	0.4	0	ess
5	85	0.260089686	0.1	1	3	0.4	3	ess
5	94	0.23713799	0.1	1	3	0.4	5	ess
5	69	0.256529065	0.1	1	3	0.4	4	ess
20	316	0.283239347	0.052631579	10.00000001	4	0.4	0	ess
10	118	0.276096566	0.044444444	1.99999998	3	0.4	2	ess
15	192	0.271193988	0.019047619	1.999999995	3	0.4	4	ess
5	53	0.262712321	0	0	0	0.4	2	ess
5	86	0.237612173	0	0	0	0.4	0	ess
5	54	0.247623888	0	0	0	0.4	3	ess
5	45	0.266156788	0	0	0	0.4	3	ess
5	60	0.26978238	0	0	0	0.4	0	ess
48	821	0.315830416	0.046099291	52.00000025	7	0.395833333	3	ess
36	615	0.297181896	0.120634921	76.00000023	9	0.388888889	4	ess
18	225	0.283107676	0.019607843	2.999999979	3	0.388888889	5	ess
18	308	0.284280546	0.019607843	2.999999979	3	0.388888889	3	ess
13	307	0.253301445	0.423076923	32.99999999	9	0.384615385	4	ess
13	171	0.275238687	0.064102564	4.999999992	4	0.384615385	4	ess
68	1152	0.312929539	0.024582968	56.0000011	6	0.382352941	5	ess
21	311	0.297835921	0.071428571	14.99999991	3	0.380952381	0	ess
8	145	0.254133848	0.214285714	5.999999992	4	0.375	3	ess
8	116	0.264380291	0.178571429	5.000000012	4	0.375	4	ess
8	144	0.271829493	0.142857143	4.000000004	3	0.375	4	ess
8	116	0.245230785	0.142857143	4.000000004	4	0.375	4	ess
16	253	0.265764783	0.125	15	4	0.375	2	ess
8	146	0.269067212	0.107142857	2.999999996	4	0.375	4	ess
16	386	0.275550025	0.1	12	4	0.375	3	ess
8	120	0.244259501	0.071428571	1.999999988	3	0.375	5	ess
8	170	0.267662894	0.071428571	1.999999988	3	0.375	2	ess
8	112	0.26025641	0.035714286	1.000000008	3	0.375	2	ess
16	259	0.27980703	0.025	3	3	0.375	5	ess
16	275	0.276096566	0.008333333	0.99999996	3	0.375	5	ess
8	91	0.274108248	0	0	0	0.375	4	ess
8	127	0.25923167	0	0	0	0.375	2	ess
8	93	0.279469971	0	0	0	0.375	4	ess
8	117	0.263280195	0	0	0	0.375	4	ess
70	1094	0.310952259	0.052587992	127.0000007	9	0.371428571	2	ess
19	373	0.282156715	0.210526316	36.00000004	5	0.368421053	3	ess
11	217	0.27386172	0.272727273	15.00000002	6	0.363636364	4	ess
11	213	0.253169819	0.2	11	6	0.363636364	5	ess
11	161	0.274046574	0.072727273	4.000000015	4	0.363636364	5	ess
22	308	0.291631749	0.060606061	14.00000009	3	0.363636364	5	ess
11	198	0.278511405	0.054545455	3.000000025	3	0.363636364	4	ess
14	251	0.268208092	0.164835165	15.00000002	5	0.357142857	5	ess
14	183	0.287010309	0.065934066	6.000000006	3	0.357142857	1	ess
45	764	0.299134279	0.02020202	19.9999998	5	0.355555556	5	ess
31	673	0.28638608	0.193548387	89.99999996	8	0.35483871	1	ess
17	313	0.285229202	0.022058824	3.000000064	3	0.352941176	4	ess
20	394	0.28083929	0.063157895	12.00000005	4	0.35	5	ess
20	310	0.284263959	0.015789474	3.00000006	3	0.35	0	ess
3	54	0.253802876	0.666666667	2.000000001	3	0.333333333	4	ess
3	58	0.221193135	0.666666667	2.000000001	3	0.333333333	0	ess
3	47	0.228143292	0.333333333	0.999999999	3	0.333333333	1	ess
3	44	0.232520403	0.333333333	0.999999999	3	0.333333333	3	ess
3	50	0.258392999	0.333333333	0.999999999	3	0.333333333	2	ess
3	69	0.237334373	0.333333333	0.999999999	3	0.333333333	5	ess
3	42	0.251211715	0.333333333	0.999999999	3	0.333333333	1	ess
3	50	0.252553004	0.333333333	0.999999999	3	0.333333333	2	ess
3	53	0.236723191	0.333333333	0.999999999	3	0.333333333	2	ess
6	113	0.254239942	0.266666667	4.000000005	4	0.333333333	5	ess
6	132	0.244836424	0.266666667	4.000000005	4	0.333333333	3	ess
12	256	0.271556769	0.257575758	17.00000003	5	0.333333333	2	ess
9	163	0.254266479	0.25	9	4	0.333333333	5	ess
6	105	0.252435233	0.2	3	3	0.333333333	5	ess
9	160	0.259909309	0.194444444	6.999999984	3	0.333333333	3	ess
6	126	0.246721021	0.133333333	1.999999995	3	0.333333333	3	ess
6	97	0.242714094	0.133333333	1.999999995	3	0.333333333	2	ess
21	403	0.269722637	0.114285714	23.99999994	6	0.333333333	5	ess
9	182	0.255185418	0.111111111	3.999999996	3	0.333333333	0	ess
9	159	0.251458065	0.111111111	3.999999996	3	0.333333333	1	ess
39	646	0.301000865	0.072874494	54.00000005	5	0.333333333	2	ess
6	105	0.248103071	0.066666667	1.000000005	3	0.333333333	5	ess
9	170	0.256718305	0.055555556	2.000000016	3	0.333333333	1	ess
15	267	0.247447814	0.047619048	5.00000004	3	0.333333333	5	ess
39	733	0.294915254	0.047233468	34.99999979	5	0.333333333	5	ess
21	323	0.278606965	0.042857143	9.00000003	4	0.333333333	3	ess
21	352	0.294416244	0.042857143	9.00000003	4	0.333333333	4	ess
9	165	0.259964783	0.027777778	1.000000008	3	0.333333333	3	ess
27	474	0.289293985	0.01994302	7.00000002	3	0.333333333	2	ess
15	194	0.27953411	0.00952381	1.00000005	3	0.333333333	5	ess
3	30	0.229974038	0	0	0	0.333333333	5	ess
6	94	0.259328259	0	0	0	0.333333333	1	ess
9	124	0.274602638	0	0	0	0.333333333	5	ess
3	39	0.252278376	0	0	0	0.333333333	5	ess
3	47	0.246384141	0	0	0	0.333333333	4	ess
3	48	0.250102669	0	0	0	0.333333333	2	ess
3	28	0.241068778	0	0	0	0.333333333	4	ess
3	27	0.268636965	0	0	0	0.333333333	4	ess
3	52	0.250875386	0	0	0	0.333333333	5	ess
6	56	0.233154671	0	0	0	0.333333333	5	ess
3	55	0.245341928	0	0	0	0.333333333	3	ess
6	43	0.276535362	0	0	0	0.333333333	3	ess
3	65	0.1825266	0	0	0	0.333333333	5	ess
3	34	0.269916898	0	0	0	0.333333333	1	ess
3	43	0.257097625	0	0	0	0.333333333	2	ess
3	42	0.227132867	0	0	0	0.333333333	1	ess
3	32	0.209548387	0	0	0	0.333333333	1	ess
3	46	0.23397205	0	0	0	0.333333333	2	ess
3	38	0.243393116	0	0	0	0.333333333	0	ess
3	55	0.205482919	0	0	0	0.333333333	4	ess
9	119	0.263636364	0	0	0	0.333333333	0	ess
3	54	0.229205871	0	0	0	0.333333333	3	ess
25	345	0.290622763	0.05	15	3	0.32	5	ess
25	351	0.315850891	0.023333333	6.9999999	4	0.32	5	ess
22	317	0.277575205	0.03030303	6.99999993	4	0.318181818	4	ess
19	376	0.267266444	0.058479532	9.999999972	5	0.315789474	5	ess
57	925	0.306646526	0.058270677	93.00000049	9	0.315789474	5	ess
16	205	0.279245716	0	0	0	0.3125	5	ess
45	699	0.312447893	0.024242424	23.99999976	4	0.311111111	0	ess
42	680	0.302345786	0.085946574	74.00000021	9	0.30952381	4	ess
39	609	0.289534676	0.044534413	33.00000003	6	0.307692308	5	ess
13	200	0.273186049	0.025641026	2.000000028	3	0.307692308	5	ess
23	326	0.282779035	0.015810277	4.000000081	3	0.304347826	3	ess
10	208	0.260771825	0.355555556	16.00000002	5	0.3	3	ess
10	219	0.260785783	0.311111111	14	5	0.3	4	ess
10	187	0.263936291	0.288888889	13.00000001	6	0.3	2	ess
10	146	0.263052751	0.155555556	7.00000002	5	0.3	5	ess
10	172	0.263807667	0.066666667	3.000000015	3	0.3	1	ess
10	201	0.268592535	0.044444444	1.99999998	3	0.3	5	ess
20	249	0.289036545	0.026315789	4.99999991	3	0.3	5	ess
40	633	0.298437979	0.023076923	17.99999994	5	0.3	5	ess
10	128	0.262485857	0.022222222	0.99999999	3	0.3	3	ess
20	376	0.285396286	0.010526316	2.00000004	3	0.3	5	ess
57	833	0.304195804	0.010025063	16.00000055	4	0.298245614	1	ess
31	421	0.286167401	0.012903226	6.00000009	3	0.290322581	4	ess
7	118	0.250836637	0.333333333	6.999999993	4	0.285714286	3	ess
14	263	0.258777288	0.21978022	20.00000002	5	0.285714286	2	ess
7	90	0.261415464	0.19047619	3.99999999	4	0.285714286	4	ess
7	109	0.27039627	0.142857143	3.000000003	4	0.285714286	3	ess
7	128	0.227567845	0.095238095	1.999999995	3	0.285714286	0	ess
7	148	0.257124763	0.095238095	1.999999995	3	0.285714286	0	ess
7	79	0.240224841	0.047619048	1.000000008	3	0.285714286	4	ess
21	320	0.281098546	0.042857143	9.00000003	4	0.285714286	4	ess
14	218	0.274525272	0.010989011	1.000000001	3	0.285714286	4	ess
7	70	0.252030417	0	0	0	0.285714286	3	ess
7	90	0.24783803	0	0	0	0.285714286	4	ess
7	84	0.276268784	0	0	0	0.285714286	1	ess
64	916	0.313796213	0.017857143	36.00000029	4	0.28125	5	ess
61	965	0.31041733	0.038797814	70.99999962	7	0.278688525	4	ess
36	495	0.286217836	0.036507937	23.00000031	5	0.277777778	4	ess
11	206	0.277133106	0.072727273	4.000000015	4	0.272727273	3	ess
26	417	0.302589901	0.027692308	9.0000001	4	0.269230769	4	ess
197	2552	0.349598163	0.008494768	163.999991	8	0.269035533	5	ess
30	548	0.27406199	0.075862069	33.00000002	5	0.266666667	3	ess
15	185	0.273492759	0.028571429	3.000000045	3	0.266666667	5	ess
15	247	0.278543251	0.00952381	1.00000005	3	0.266666667	5	ess
19	344	0.282861124	0.046783626	8.000000046	4	0.263157895	2	ess
65	1020	0.314728682	0.015865385	33.0000008	5	0.261538462	4	ess
65	871	0.296404453	0.002884615	5.9999992	4	0.261538462	4	ess
31	452	0.294434036	0.012903226	6.00000009	3	0.258064516	3	ess
115	1596	0.31329175	0.004424104	29.00000172	6	0.252173913	5	ess
4	60	0.23378119	0.333333333	1.999999998	3	0.25	3	ess
4	90	0.246771007	0.333333333	1.999999998	3	0.25	2	ess
8	110	0.248166259	0.178571429	5.000000012	3	0.25	5	ess
8	141	0.254372683	0.178571429	5.000000012	4	0.25	4	ess
4	29	0.249385749	0.166666667	1.000000002	3	0.25	5	ess
4	80	0.247159091	0.166666667	1.000000002	3	0.25	1	ess
12	194	0.272910598	0.151515152	10.00000003	4	0.25	1	ess
12	237	0.25791424	0.151515152	10.00000003	4	0.25	4	ess
12	168	0.259148936	0.121212121	7.999999986	4	0.25	3	ess
20	385	0.282189401	0.1	19	6	0.25	4	ess
8	149	0.238718213	0.071428571	1.999999988	3	0.25	5	ess
12	155	0.288728221	0.060606061	4.000000026	3	0.25	3	ess
12	198	0.275550025	0.045454545	2.99999997	3	0.25	2	ess
12	152	0.276755283	0.015151515	0.99999999	3	0.25	4	ess
4	65	0.262797346	0	0	0	0.25	5	ess
4	64	0.251289457	0	0	0	0.25	4	ess
4	78	0.239740183	0	0	0	0.25	1	ess
4	71	0.237612173	0	0	0	0.25	5	ess
4	55	0.235021708	0	0	0	0.25	0	ess
4	51	0.281179662	0	0	0	0.25	5	ess
4	63	0.263066955	0	0	0	0.25	1	ess
4	49	0.236815243	0	0	0	0.25	5	ess
4	56	0.235362319	0	0	0	0.25	5	ess
29	476	0.282811865	0.0591133	23.9999998	6	0.24137931	2	ess
21	296	0.275238687	0.071428571	14.99999991	5	0.238095238	3	ess
38	663	0.270666667	0.155049787	109.0000003	7	0.236842105	4	ess
38	520	0.303759586	0.046941679	33.00000034	6	0.236842105	4	ess
17	264	0.27148111	0	0	0	0.235294118	0	ess
147	1915	0.332332879	0.008293728	88.99999517	5	0.231292517	2	ess
13	252	0.278241005	0.256410256	19.99999997	5	0.230769231	3	ess
13	254	0.267604087	0.179487179	13.99999996	5	0.230769231	5	ess
13	208	0.258502679	0.012820513	1.000000014	3	0.230769231	4	ess
35	625	0.293281965	0.033613445	19.99999978	4	0.228571429	5	ess
31	409	0.306357291	0.03655914	17.0000001	5	0.225806452	3	ess
117	1495	0.330305085	0.006041851	41.00000089	4	0.222222222	2	ess
9	101	0.263024348	0	0	0	0.222222222	5	ess
23	441	0.284114766	0.083003953	21.00000011	5	0.217391304	4	ess
14	229	0.272910598	0.032967033	3.000000003	3	0.214285714	4	ess
52	735	0.284795698	0.21040724	279.0000002	7	0.211538462	3	ess
43	815	0.286133788	0.048726467	43.9999997	5	0.209302326	3	ess
24	387	0.276881109	0.086956522	24.00000007	6	0.208333333	3	ess
39	651	0.311429302	0.048582996	36.00000004	5	0.205128205	5	ess
5	111	0.251782946	0.4	4	4	0.2	5	ess
5	103	0.233121202	0.3	3	3	0.2	5	ess
35	514	0.276928324	0.171428571	101.9999997	6	0.2	3	ess
5	53	0.247649062	0.1	1	3	0.2	4	ess
5	92	0.246758509	0.1	1	3	0.2	4	ess
5	92	0.270591502	0.1	1	3	0.2	1	ess
10	173	0.265793781	0.088888889	4.000000005	3	0.2	4	ess
5	88	0.2483307	0	0	0	0.2	2	ess
5	65	0.260660211	0	0	0	0.2	4	ess
5	72	0.256124487	0	0	0	0.2	3	ess
5	83	0.267927849	0	0	0	0.2	4	ess
10	162	0.259798432	0	0	0	0.2	2	ess
5	29	0.284629316	0	0	0	0.2	3	ess
5	87	0.242593238	0	0	0	0.2	0	ess
5	98	0.228346457	0	0	0	0.2	3	ess
62	912	0.285362854	0.236382866	446.9999996	7	0.193548387	2	ess
16	220	0.276018356	0.025	3	3	0.1875	4	ess
59	884	0.289139466	0.153126826	261.9999993	7	0.186440678	5	ess
212	3528	0.344092097	0.004202808	94.00000373	5	0.183962264	5	ess
33	498	0.268992933	0.179924242	94.99999978	7	0.181818182	1	ess
22	345	0.270561448	0.168831169	39.00000004	5	0.181818182	5	ess
11	177	0.256340103	0.072727273	4.000000015	3	0.181818182	5	ess
11	211	0.261907322	0.036363636	1.99999998	3	0.181818182	4	ess
11	159	0.258612453	0.036363636	1.99999998	3	0.181818182	4	ess
11	166	0.253525524	0.018181818	0.99999999	3	0.181818182	3	ess
33	372	0.290553435	0.003787879	2.000000112	3	0.181818182	4	ess
109	1434	0.325886288	0.013421679	79.00000259	8	0.174311927	2	ess
12	131	0.255426235	0.136363636	8.999999976	3	0.166666667	1	ess
6	108	0.27236136	0.133333333	1.999999995	3	0.166666667	3	ess
6	81	0.258201283	0.066666667	1.000000005	3	0.166666667	2	ess
6	68	0.270351257	0.066666667	1.000000005	3	0.166666667	4	ess
6	114	0.25277576	0.066666667	1.000000005	3	0.166666667	3	ess
6	74	0.25825603	0	0	0	0.166666667	4	ess
6	81	0.26499864	0	0	0	0.166666667	0	ess
19	303	0.268770343	0.111111111	18.99999998	5	0.157894737	3	ess
32	445	0.272270035	0.368951613	183	7	0.15625	4	ess
13	216	0.253420026	0.025641026	2.000000028	3	0.153846154	5	ess
26	389	0.279117731	0.009230769	2.999999925	3	0.153846154	4	ess
13	146	0.27929374	0	0	0	0.153846154	4	ess
14	190	0.250514192	0.164835165	15.00000002	4	0.142857143	3	ess
49	798	0.314059176	0.050170068	58.99999997	5	0.142857143	3	ess
21	327	0.283949178	0.047619048	10.00000008	3	0.142857143	3	ess
7	81	0.248103071	0	0	0	0.142857143	5	ess
7	72	0.270576475	0	0	0	0.142857143	0	ess
38	519	0.283140582	0.3314367	233.0000001	7	0.131578947	4	ess
16	311	0.278193342	0.175	21	6	0.125	4	ess
16	279	0.261065266	0.15	18	6	0.125	3	ess
8	160	0.256137953	0.142857143	4.000000004	3	0.125	1	ess
8	97	0.259563133	0.071428571	1.999999988	3	0.125	4	ess
16	193	0.273063558	0.058333333	6.99999996	3	0.125	3	ess
16	240	0.277133106	0.033333333	3.99999996	4	0.125	1	ess
9	175	0.274711023	0.166666667	6.000000012	4	0.111111111	4	ess
18	349	0.276786729	0.124183007	19.00000007	6	0.111111111	5	ess
9	159	0.251406161	0.083333333	2.999999988	3	0.111111111	1	ess
46	669	0.277117343	0.115942029	120	7	0.108695652	2	ess
10	191	0.265301677	0.111111111	4.999999995	3	0.1	4	ess
11	144	0.285413005	0.072727273	4.000000015	3	0.090909091	4	ess
21	280	0.290605428	0.095238095	19.99999995	4	0.047619048	5	ess
2	56	0.213487577	1	1	3	0	0	ess
2	27	0.23962227	1	1	3	0	5	ess
3	51	0.233635448	1	3	4	0	0	ess
2	40	0.227897839	1	1	3	0	2	ess
2	38	0.218651827	1	1	3	0	1	ess
3	53	0.233635448	1	3	4	0	0	ess
2	28	0.221042602	1	1	3	0	2	ess
5	102	0.251172862	0.6	6	5	0	1	ess
3	38	0.25261848	0.333333333	0.999999999	3	0	4	ess
8	124	0.249679701	0.285714286	8.000000008	3	0	4	ess
6	103	0.252265314	0.2	3	4	0	3	ess
4	51	0.278910007	0.166666667	1.000000002	3	0	4	ess
4	49	0.274339771	0.166666667	1.000000002	3	0	4	ess
4	33	0.254518859	0.166666667	1.000000002	3	0	4	ess
8	89	0.250849552	0.107142857	2.999999996	4	0	2	ess
13	181	0.259024935	0.102564103	8.000000034	4	0	2	ess
5	81	0.244959525	0.1	1	3	0	1	ess
7	78	0.23624109	0.095238095	1.999999995	3	0	2	ess
8	88	0.238975818	0.071428571	1.999999988	3	0	0	ess
6	98	0.237034154	0.066666667	1.000000005	3	0	0	ess
1	15	0.20832977	0	0	0	0	4	ess
2	27	0.200189013	0	0	0	0	4	ess
1	12	0.219449574	0	0	0	0	4	ess
1	10	0.204783321	0	0	0	0	5	ess
1	1	0.228882834	0	0	0	0	0	ess
1	1	0.238053357	0	0	0	0	0	ess
3	36	0.248634856	0	0	0	0	0	ess
1	16	0.213179312	0	0	0	0	3	ess
3	24	0.2292598	0	0	0	0	4	ess
3	41	0.223866195	0	0	0	0	0	ess
1	1	0.226689001	0	0	0	0	0	ess
2	22	0.256191828	0	0	0	0	3	ess
2	25	0.232287594	0	0	0	0	1	ess
1	1	0.199345336	0	0	0	0	0	ess
1	1	0.236700189	0	0	0	0	0	ess
1	5	0.204860819	0	0	0	0	5	ess
1	11	0.220932342	0	0	0	0	4	ess
1	1	0.182328506	0	0	0	0	0	ess
2	23	0.229141191	0	0	0	0	4	ess
3	25	0.266447908	0	0	0	0	4	ess
2	2	0.215833075	0	0	0	0	0	ess
2	27	0.221052632	0	0	0	0	2	ess
1	13	0.225346901	0	0	0	0	1	ess
1	1	0.26402211	0	0	0	0	0	ess
1	13	0.237820951	0	0	0	0	4	ess
1	12	0.177370031	0	0	0	0	3	ess
1	19	0.207327971	0	0	0	0	5	ess
6	88	0.270036581	0	0	0	0	3	ess
3	36	0.245948811	0	0	0	0	0	ess
2	30	0.22751471	0	0	0	0	5	ess
2	21	0.214805344	0	0	0	0	1	ess
1	12	0.244247255	0	0	0	0	0	ess
2	28	0.245564516	0	0	0	0	5	ess
1	13	0.243563465	0	0	0	0	3	ess
1	15	0.194444444	0	0	0	0	4	ess
1	1	0.26402211	0	0	0	0	0	ess
2	41	0.216302611	0	0	0	0	3	ess
2	27	0.209341297	0	0	0	0	1	ess
1	1	0.171682289	0	0	0	0	0	ess
1	6	0.197542878	0	0	0	0	2	ess
1	13	0.205378973	0	0	0	0	4	ess
3	56	0.226773413	0	0	0	0	4	ess
2	2	0.226625733	0	0	0	0	0	ess
1	21	0.216475607	0	0	0	0	4	ess
1	11	0.210599118	0	0	0	0	3	ess
1	1	0.233635448	0	0	0	0	1	ess
2	2	0.24131953	0	0	0	0	0	ess
1	1	0.181960784	0	0	0	0	0	ess
2	31	0.219855596	0	0	0	0	5	ess
1	12	0.238193018	0	0	0	0	2	ess
3	35	0.21641791	0	0	0	0	4	ess
1	12	0.19999179	0	0	0	0	1	ess
2	24	0.214919052	0	0	0	0	4	ess
7	85	0.242629482	0	0	0	0	3	ess
1	24	0.239222233	0	0	0	0	5	ess
1	13	0.217801422	0	0	0	0	4	ess
1	10	0.220074081	0	0	0	0	3	ess
2	23	0.223927931	0	0	0	0	3	ess
2	25	0.231240211	0	0	0	0	3	ess
1	11	0.182015168	0	0	0	0	1	ess
1	14	0.243563465	0	0	0	0	0	ess
1	11	0.204285295	0	0	0	0	4	ess
1	1	0.192303138	0	0	0	0	1	ess
1	13	0.158156143	0	0	0	0	3	ess
3	3	0.249207161	0	0	0	0	0	ess
1	1	0.237948718	0	0	0	0	0	ess
3	3	0.250978776	0	0	0	0	0	ess
2	27	0.222974828	0	0	0	0	5	ess
2	30	0.222019686	0	0	0	0	4	ess
1	9	0.216379463	0	0	0	0	1	ess
1	6	0.211165049	0	0	0	0	0	ess
1	19	0.238193018	0	0	0	0	2	ess
1	9	0.208901466	0	0	0	0	2	ess
1	6	0.26402211	0	0	0	0	5	ess
1	15	0.238053357	0	0	0	0	4	ess
1	9	0.199672131	0	0	0	0	2	ess
3	3	0.235897933	0	0	0	0	0	ess
1	20	0.200049273	0	0	0	0	2	ess
1	1	0.26402211	0	0	0	0	0	ess
2	2	0.237577413	0	0	0	0	0	ess
4	63	0.238917222	0	0	0	0	3	ess
1	19	0.17142254	0	0	0	0	4	ess
1	17	0.201856148	0	0	0	0	1	ess
3	36	0.233657858	0	0	0	0	0	ess
2	23	0.230583558	0	0	0	0	0	ess
1	27	0.206694667	0	0	0	0	2	ess
1	21	0.230922362	0	0	0	0	4	ess
1	13	0.20208221	0	0	0	0	4	ess
1	10	0.216552582	0	0	0	0	5	ess
2	32	0.207354443	0	0	0	0	5	ess
1	14	0.138941965	0	0	0	0	5	ess
1	4	0.196380346	0	0	0	0	0	ess
2	21	0.266462481	0	0	0	0	3	ess
1	12	0.221756941	0	0	0	0	1	ess
1	1	0.205482919	0	0	0	0	0	ess
2	26	0.243587821	0	0	0	0	2	ess
1	4	0.194693095	0	0	0	0	0	ess
1	14	0.197039554	0	0	0	0	4	ess
3	44	0.242014803	0	0	0	0	5	ess
1	15	0.194973587	0	0	0	0	5	ess
3	3	0.197815583	0	0	0	0	0	ess
1	1	0.26402211	0	0	0	0	0	ess
1	14	0.203636364	0	0	0	0	3	ess
1	12	0.193049887	0	0	0	0	2	ess
2	29	0.232720325	0	0	0	0	2	ess
1	10	0.204388136	0	0	0	0	5	ess
1	23	0.201313995	0	0	0	0	2	ess
1	13	0.195678368	0	0	0	0	4	ess
4	56	0.247888471	0	0	0	0	0	ess
1	11	0.223917639	0	0	0	0	1	ess
3	36	0.239410319	0	0	0	0	0	ess
1	12	0.231218262	0	0	0	0	2	ess
1	14	0.238053357	0	0	0	0	1	ess
1	15	0.232265446	0	0	0	0	3	ess
2	26	0.227525335	0	0	0	0	5	ess
5	46	0.252213077	0	0	0	0	2	ess
1	17	0.211697228	0	0	0	0	5	ess
1	18	0.219518789	0	0	0	0	5	ess
1	4	0.231900614	0	0	0	0	3	ess
2	35	0.206230952	0	0	0	0	4	ess
1	13	0.159863499	0	0	0	0	4	ess
1	15	0.18147955	0	0	0	0	5	ess
1	1	0.213319322	0	0	0	0	0	ess
1	9	0.185968395	0	0	0	0	2	ess
4	53	0.255051827	0	0	0	0	3	ess
1	13	0.163847318	0	0	0	0	0	ess
2	12	0.224103036	0	0	0	0	5	ess
2	15	0.245193759	0	0	0	0	2	ess
1	1	0.228635788	0	0	0	0	0	ess
1	1	0.175088047	0	0	0	0	0	ess
1	14	0.224547172	0	0	0	0	0	ess
1	18	0.229421737	0	0	0	0	1	ess
1	12	0.227429745	0	0	0	0	4	ess
6	34	0.247548397	0	0	0	0	4	ess
3	12	0.240402645	0	0	0	0	1	ess
2	31	0.222740365	0	0	0	0	4	ess
2	2	0.248761808	0	0	0	0	0	ess
1	8	0.185064195	0	0	0	0	2	ess
3	49	0.23087859	1	3	4	1	1	non
2	29	0.269588313	1	1	3	1	1	non
2	41	0.222669104	1	1	3	1	3	non
2	34	0.196253776	1	1	3	1	0	non
2	36	0.225848322	1	1	3	1	1	non
2	22	0.238788413	1	1	3	1	1	non
2	37	0.2240206	1	1	3	1	0	non
2	31	0.190163934	1	1	3	1	0	non
3	69	0.229098091	1	3	4	1	4	non
2	50	0.239728387	1	1	3	1	3	non
3	61	0.235441937	0.666666667	2.000000001	3	1	3	non
7	131	0.262005916	0.571428571	11.99999999	6	1	1	non
4	45	0.239022715	0.5	3	4	1	2	non
3	52	0.265388387	0.333333333	0.999999999	3	1	0	non
3	34	0.262175106	0.333333333	0.999999999	3	1	0	non
4	31	0.238964097	0.166666667	1.000000002	3	1	1	non
1	1	0.226551965	0	0	0	1	0	non
1	12	0.243247291	0	0	0	1	0	non
2	39	0.241367352	0	0	0	1	0	non
1	16	0.198622039	0	0	0	1	1	non
1	11	0.190305066	0	0	0	1	0	non
1	16	0.256016816	0	0	0	1	0	non
1	11	0.238858656	0	0	0	1	1	non
1	14	0.224536824	0	0	0	1	0	non
1	13	0.236895848	0	0	0	1	4	non
1	1	0.245799909	0	0	0	1	0	non
1	7	0.219114009	0	0	0	1	0	non
3	32	0.233299813	0	0	0	1	4	non
1	16	0.2178696	0	0	0	1	3	non
1	9	0.219114009	0	0	0	1	1	non
1	8	0.248305387	0	0	0	1	0	non
2	26	0.258901052	0	0	0	1	4	non
1	13	0.249449593	0	0	0	1	1	non
1	12	0.225149036	0	0	0	1	2	non
1	11	0.230267511	0	0	0	1	2	non
1	1	0.22985469	0	0	0	1	0	non
1	16	0.195262715	0	0	0	1	1	non
1	20	0.238356164	0	0	0	1	0	non
1	1	0.189079055	0	0	0	1	0	non
1	1	0.238566252	0	0	0	1	0	non
1	13	0.217889088	0	0	0	1	1	non
1	13	0.200411353	0	0	0	1	2	non
1	9	0.209062822	0	0	0	1	1	non
1	10	0.203389831	0	0	0	1	0	non
1	15	0.249449593	0	0	0	1	1	non
1	7	0.200008211	0	0	0	1	1	non
1	8	0.249449593	0	0	0	1	0	non
1	16	0.21542271	0	0	0	1	1	non
1	1	0.222506394	0	0	0	1	0	non
1	17	0.229108864	0	0	0	1	0	non
1	4	0.222506394	0	0	0	1	0	non
4	52	0.246222267	0	0	0	1	3	non
1	1	0.203866432	0	0	0	1	0	non
1	12	0.249449593	0	0	0	1	0	non
1	14	0.230911418	0	0	0	1	1	non
2	22	0.244283995	0	0	0	1	1	non
2	38	0.198549189	0	0	0	1	4	non
1	10	0.203262547	0	0	0	1	3	non
2	2	0.220163586	0	0	0	1	0	non
1	19	0.216899653	0	0	0	1	1	non
2	23	0.237844171	0	0	0	1	1	non
1	14	0.188895782	0	0	0	1	1	non
1	1	0.238566252	0	0	0	1	0	non
1	9	0.222536884	0	0	0	1	1	non
2	27	0.233076592	0	0	0	1	0	non
2	24	0.26709062	0	0	0	1	2	non
2	24	0.252631579	0	0	0	1	0	non
1	8	0.217276903	0	0	0	1	0	non
1	14	0.25905248	0	0	0	1	3	non
2	31	0.231988953	0	0	0	1	4	non
2	21	0.255399455	0	0	0	1	0	non
1	12	0.207778915	0	0	0	1	0	non
3	3	0.259011164	0	0	0	1	0	non
1	19	0.213020856	0	0	0	1	2	non
1	11	0.237207264	0	0	0	1	4	non
1	17	0.223209786	0	0	0	1	0	non
2	33	0.225097025	0	0	0	1	0	non
1	18	0.256016816	0	0	0	1	0	non
1	15	0.228646518	0	0	0	1	0	non
1	21	0.200907216	0	0	0	1	1	non
1	1	0.215118333	0	0	0	1	0	non
2	30	0.26566334	0	0	0	1	0	non
3	46	0.256124487	0	0	0	1	2	non
1	12	0.194134523	0	0	0	1	4	non
2	23	0.221183093	0	0	0	1	0	non
1	20	0.21542271	0	0	0	1	1	non
1	15	0.249449593	0	0	0	1	0	non
2	13	0.260520828	0	0	0	1	1	non
1	11	0.232998565	0	0	0	1	1	non
1	14	0.2400473	0	0	0	1	1	non
2	28	0.251263538	0	0	0	1	3	non
1	11	0.222050043	0	0	0	1	1	non
2	34	0.236539302	0	0	0	1	1	non
1	13	0.25905248	0	0	0	1	0	non
1	19	0.256016816	0	0	0	1	1	non
1	12	0.217276903	0	0	0	1	0	non
1	15	0.238566252	0	0	0	1	3	non
1	12	0.245799909	0	0	0	1	4	non
1	8	0.200551599	0	0	0	1	3	non
1	15	0.229583903	0	0	0	1	0	non
1	12	0.256016816	0	0	0	1	0	non
2	25	0.244320746	0	0	0	1	0	non
1	17	0.206729749	0	0	0	1	1	non
1	10	0.238566252	0	0	0	1	0	non
3	33	0.252880723	0	0	0	1	2	non
1	14	0.218220908	0	0	0	1	0	non
1	9	0.201305677	0	0	0	1	3	non
1	10	0.222536884	0	0	0	1	1	non
1	15	0.224092728	0	0	0	1	3	non
1	4	0.198792231	0	0	0	1	0	non
1	20	0.225149036	0	0	0	1	5	non
1	1	0.165152542	0	0	0	1	2	non
2	16	0.256367081	0	0	0	1	2	non
1	14	0.245799909	0	0	0	1	2	non
2	8	0.244345253	0	0	0	1	0	non
2	26	0.231988953	0	0	0	1	3	non
1	4	0.222506394	0	0	0	1	0	non
1	10	0.238123167	0	0	0	1	2	non
1	15	0.191622419	0	0	0	1	1	non
1	1	0.215842637	0	0	0	1	0	non
1	10	0.222019686	0	0	0	1	1	non
1	13	0.209972848	0	0	0	1	2	non
1	4	0.237207264	0	0	0	1	0	non
2	25	0.232066305	0	0	0	1	4	non
1	11	0.227323628	0	0	0	1	2	non
3	3	0.253156664	0	0	0	1	0	non
1	1	0.225294798	0	0	0	1	0	non
1	15	0.177674045	0	0	0	1	0	non
1	11	0.214653919	0	0	0	1	3	non
2	20	0.267868925	0	0	0	1	4	non
1	4	0.256016816	0	0	0	1	0	non
1	6	0.245799909	0	0	0	1	0	non
1	23	0.188895782	0	0	0	1	3	non
1	10	0.223209786	0	0	0	1	3	non
1	16	0.218220908	0	0	0	1	2	non
1	13	0.228646518	0	0	0	1	2	non
1	1	0.228646518	0	0	0	1	0	non
1	4	0.238566252	0	0	0	1	1	non
1	14	0.207920792	0	0	0	1	0	non
2	33	0.25648855	0	0	0	1	3	non
1	11	0.25905248	0	0	0	1	0	non
1	8	0.198097097	0	0	0	1	1	non
2	2	0.250038491	0	0	0	1	0	non
1	13	0.225180255	0	0	0	1	0	non
2	25	0.268474128	0	0	0	1	5	non
1	15	0.212630384	0	0	0	1	1	non
1	17	0.202115744	0	0	0	1	1	non
2	28	0.237507922	0	0	0	1	2	non
1	8	0.232998565	0	0	0	1	0	non
2	2	0.240925724	0	0	0	1	0	non
1	1	0.238566252	0	0	0	1	0	non
1	1	0.245799909	0	0	0	1	0	non
1	14	0.206922914	0	0	0	1	2	non
1	12	0.256016816	0	0	0	1	0	non
2	34	0.214994925	0	0	0	1	0	non
3	34	0.271450858	0	0	0	1	3	non
2	15	0.267868925	0	0	0	1	2	non
1	12	0.228646518	0	0	0	1	3	non
3	42	0.274711023	0	0	0	1	0	non
1	11	0.204285295	0	0	0	1	0	non
1	10	0.230376395	0	0	0	1	2	non
1	12	0.245799909	0	0	0	1	0	non
1	11	0.207982924	0	0	0	1	0	non
2	14	0.207257413	0	0	0	1	0	non
2	10	0.253064617	0	0	0	1	2	non
1	9	0.230267511	0	0	0	1	2	non
1	6	0.232165833	0	0	0	1	0	non
1	8	0.233255135	0	0	0	1	0	non
1	9	0.198484478	0	0	0	1	4	non
1	1	0.210217466	0	0	0	1	0	non
1	14	0.204285295	0	0	0	1	0	non
1	19	0.256016816	0	0	0	1	1	non
1	6	0.209422283	0	0	0	1	0	non
1	20	0.227759338	0	0	0	1	0	non
1	14	0.227951153	0	0	0	1	1	non
1	10	0.224299065	0	0	0	1	0	non
2	24	0.231361003	0	0	0	1	3	non
2	21	0.22545118	0	0	0	1	1	non
1	15	0.256016816	0	0	0	1	1	non
1	12	0.25905248	0	0	0	1	2	non
2	27	0.257982526	0	0	0	1	3	non
1	12	0.238566252	0	0	0	1	1	non
1	13	0.222506394	0	0	0	1	3	non
1	1	0.245799909	0	0	0	1	0	non
1	12	0.22985469	0	0	0	1	1	non
1	1	0.225149036	0	0	0	1	0	non
1	17	0.230267511	0	0	0	1	3	non
1	14	0.222486072	0	0	0	1	2	non
1	7	0.192942854	0	0	0	1	1	non
1	18	0.240035473	0	0	0	1	0	non
1	13	0.216034055	0	0	0	1	4	non
1	10	0.256016816	0	0	0	1	1	non
1	24	0.256016816	0	0	0	1	1	non
1	4	0.249449593	0	0	0	1	0	non
1	11	0.205743243	0	0	0	1	2	non
2	19	0.24947514	0	0	0	1	0	non
1	10	0.224299065	0	0	0	1	0	non
1	6	0.222506394	0	0	0	1	3	non
2	34	0.266069576	0	0	0	1	0	non
1	9	0.245799909	0	0	0	1	2	non
1	11	0.25905248	0	0	0	1	1	non
3	23	0.233310986	0	0	0	1	2	non
1	4	0.223332569	0	0	0	1	1	non
1	5	0.224536824	0	0	0	1	1	non
1	12	0.239398555	0	0	0	1	3	non
2	16	0.235669714	0	0	0	1	0	non
1	13	0.217986577	0	0	0	1	0	non
1	20	0.256016816	0	0	0	1	1	non
1	16	0.238566252	0	0	0	1	0	non
1	7	0.238356164	0	0	0	1	2	non
1	11	0.234523924	0	0	0	1	0	non
1	13	0.238076622	0	0	0	1	0	non
1	11	0.256016816	0	0	0	1	0	non
1	15	0.227951153	0	0	0	1	2	non
2	36	0.26252829	0	0	0	1	3	non
1	10	0.22985469	0	0	0	1	1	non
1	10	0.200940361	0	0	0	1	0	non
1	12	0.238858656	0	0	0	1	0	non
1	10	0.236895848	0	0	0	1	3	non
1	11	0.238123167	0	0	0	1	1	non
3	39	0.243782837	0	0	0	1	3	non
1	14	0.188793304	0	0	0	1	0	non
1	6	0.248305387	0	0	0	1	1	non
1	11	0.200551599	0	0	0	1	3	non
1	14	0.234693386	0	0	0	1	0	non
1	12	0.234693386	0	0	0	1	1	non
1	11	0.222536884	0	0	0	1	2	non
2	18	0.237311252	0	0	0	1	5	non
1	13	0.238566252	0	0	0	1	0	non
1	8	0.25905248	0	0	0	1	3	non
1	8	0.236895848	0	0	0	1	1	non
1	20	0.230638137	0	0	0	1	1	non
1	15	0.222506394	0	0	0	1	2	non
1	1	0.186509456	0	0	0	1	0	non
1	20	0.220862233	0	0	0	1	1	non
1	19	0.256016816	0	0	0	1	1	non
1	14	0.218074392	0	0	0	1	2	non
1	11	0.25905248	0	0	0	1	2	non
2	2	0.25303833	0	0	0	1	0	non
1	10	0.187818042	0	0	0	1	1	non
1	1	0.203781161	0	0	0	1	0	non
1	13	0.238123167	0	0	0	1	0	non
1	16	0.221363987	0	0	0	1	1	non
1	12	0.20246852	0	0	0	1	1	non
2	37	0.273416017	0	0	0	1	4	non
1	1	0.215337017	0	0	0	1	0	non
2	34	0.234919716	0	0	0	1	1	non
1	4	0.207239781	0	0	0	1	0	non
1	17	0.210909091	0	0	0	1	0	non
1	10	0.218553741	0	0	0	1	3	non
1	15	0.194444444	0	0	0	1	0	non
1	12	0.248305387	0	0	0	1	0	non
1	14	0.245799909	0	0	0	1	1	non
2	31	0.220372716	0	0	0	1	4	non
1	17	0.234523924	0	0	0	1	1	non
1	14	0.238858656	0	0	0	1	1	non
1	11	0.214408309	0	0	0	1	0	non
1	7	0.190528333	0	0	0	1	1	non
1	17	0.236895848	0	0	0	1	1	non
1	10	0.234693386	0	0	0	1	0	non
1	14	0.238123167	0	0	0	1	2	non
1	9	0.228646518	0	0	0	1	1	non
1	11	0.245799909	0	0	0	1	2	non
1	10	0.202258386	0	0	0	1	2	non
1	13	0.218074392	0	0	0	1	1	non
1	10	0.249449593	0	0	0	1	0	non
1	12	0.238566252	0	0	0	1	1	non
1	13	0.234693386	0	0	0	1	0	non
1	13	0.234693386	0	0	0	1	2	non
1	6	0.245799909	0	0	0	1	2	non
2	22	0.222506394	0	0	0	1	1	non
1	12	0.215737502	0	0	0	1	0	non
2	36	0.245033446	0	0	0	1	1	non
3	43	0.240438237	0	0	0	1	2	non
1	10	0.201438849	0	0	0	1	1	non
2	20	0.238566252	0	0	0	1	0	non
1	11	0.222435283	0	0	0	1	1	non
1	4	0.237207264	0	0	0	1	1	non
2	29	0.252513735	0	0	0	1	0	non
1	11	0.218436155	0	0	0	1	2	non
1	10	0.191856344	0	0	0	1	3	non
1	9	0.212630384	0	0	0	1	3	non
1	10	0.245799909	0	0	0	1	1	non
1	21	0.223087138	0	0	0	1	2	non
1	1	0.208276334	0	0	0	1	0	non
1	1	0.245799909	0	0	0	1	0	non
1	16	0.217908579	0	0	0	1	3	non
1	11	0.234693386	0	0	0	1	2	non
1	23	0.22985469	0	0	0	1	3	non
1	1	0.249449593	0	0	0	1	0	non
1	22	0.256016816	0	0	0	1	0	non
1	13	0.233255135	0	0	0	1	3	non
1	11	0.245799909	0	0	0	1	0	non
2	2	0.218504732	0	0	0	1	0	non
1	13	0.19370229	0	0	0	1	0	non
1	10	0.249449593	0	0	0	1	0	non
1	11	0.222536884	0	0	0	1	3	non
1	1	0.225149036	0	0	0	1	0	non
1	25	0.185904529	0	0	0	1	4	non
1	11	0.219114009	0	0	0	1	1	non
1	13	0.237207264	0	0	0	1	0	non
1	6	0.234693386	0	0	0	1	0	non
1	1	0.228646518	0	0	0	1	0	non
1	20	0.256016816	0	0	0	1	2	non
1	1	0.245799909	0	0	0	1	0	non
1	18	0.256016816	0	0	0	1	1	non
2	26	0.226068396	0	0	0	1	0	non
1	13	0.224536824	0	0	0	1	3	non
1	14	0.230911418	0	0	0	1	1	non
1	7	0.230256628	0	0	0	1	2	non
1	14	0.232165833	0	0	0	1	1	non
2	20	0.24125978	0	0	0	1	1	non
1	13	0.249449593	0	0	0	1	3	non
1	10	0.249449593	0	0	0	1	0	non
1	4	0.193817878	0	0	0	1	2	non
1	1	0.225149036	0	0	0	1	0	non
1	14	0.245799909	0	0	0	1	0	non
1	16	0.236895848	0	0	0	1	3	non
1	9	0.234523924	0	0	0	1	0	non
1	11	0.207239781	0	0	0	1	2	non
2	28	0.236803733	0	0	0	1	2	non
3	40	0.247397552	0	0	0	1	2	non
1	9	0.238858656	0	0	0	1	0	non
1	8	0.207239781	0	0	0	1	0	non
1	19	0.229108864	0	0	0	1	5	non
1	16	0.238566252	0	0	0	1	0	non
1	15	0.234693386	0	0	0	1	4	non
1	20	0.182924082	0	0	0	1	0	non
1	10	0.189409844	0	0	0	1	0	non
2	21	0.268459334	0	0	0	1	2	non
1	18	0.205612999	0	0	0	1	0	non
1	12	0.195882921	0	0	0	1	0	non
2	26	0.220792169	0	0	0	1	1	non
1	4	0.256016816	0	0	0	1	0	non
1	11	0.215023391	0	0	0	1	2	non
1	11	0.256016816	0	0	0	1	1	non
1	1	0.227951153	0	0	0	1	0	non
1	13	0.25905248	0	0	0	1	1	non
1	14	0.238356164	0	0	0	1	0	non
1	16	0.205041875	0	0	0	1	3	non
1	6	0.238566252	0	0	0	1	0	non
1	14	0.230267511	0	0	0	1	0	non
18	381	0.263451036	0.431372549	66	9	0.888888889	5	non
7	153	0.218181818	0.714285714	14.99999999	7	0.857142857	3	non
14	283	0.267134554	0.67032967	60.99999997	9	0.857142857	4	non
7	140	0.254253209	0.476190476	9.999999996	5	0.857142857	1	non
6	117	0.257873286	0.466666667	7.000000005	4	0.833333333	4	non
6	103	0.267692308	0.266666667	4.000000005	4	0.833333333	1	non
6	99	0.264208243	0.133333333	1.999999995	3	0.833333333	1	non
6	24	0.283916084	0	0	0	0.833333333	1	non
6	82	0.271829493	0	0	0	0.833333333	2	non
26	490	0.277417151	0.323076923	105	7	0.807692308	2	non
5	110	0.237334373	1	10	6	0.8	2	non
5	110	0.236092266	0.8	8	5	0.8	0	non
10	198	0.243259437	0.777777778	35.00000001	9	0.8	4	non
10	216	0.288745333	0.422222222	18.99999999	7	0.8	4	non
5	92	0.244100406	0.4	4	4	0.8	3	non
5	99	0.23028928	0.3	3	4	0.8	0	non
5	87	0.246496332	0.2	2	3	0.8	2	non
5	101	0.218917097	0.2	2	3	0.8	0	non
10	154	0.289982739	0.177777778	8.00000001	5	0.8	3	non
5	62	0.244688865	0.1	1	3	0.8	3	non
5	53	0.258612453	0	0	0	0.8	5	non
5	68	0.258887295	0	0	0	0.8	1	non
5	49	0.249079755	0	0	0	0.8	2	non
5	70	0.243393116	0	0	0	0.8	2	non
9	174	0.283949178	0.416666667	15.00000001	7	0.777777778	3	non
9	203	0.245539764	0.388888889	14	6	0.777777778	1	non
17	341	0.261724416	0.507352941	68.99999998	9	0.764705882	1	non
4	68	0.230050052	1	6	5	0.75	2	non
8	151	0.253736785	0.714285714	19.99999999	7	0.75	2	non
4	77	0.24477492	0.5	3	3	0.75	1	non
8	114	0.262683992	0.357142857	9.999999996	5	0.75	3	non
4	50	0.274463411	0.333333333	1.999999998	3	0.75	0	non
8	173	0.256826568	0.285714286	8.000000008	5	0.75	0	non
4	66	0.234942374	0.166666667	1.000000002	3	0.75	3	non
4	82	0.227993823	0.166666667	1.000000002	3	0.75	5	non
4	62	0.265345025	0.166666667	1.000000002	3	0.75	1	non
4	65	0.267075979	0.166666667	1.000000002	3	0.75	1	non
4	34	0.241032999	0.166666667	1.000000002	3	0.75	1	non
4	102	0.224247445	0.166666667	1.000000002	3	0.75	1	non
4	41	0.267868925	0.166666667	1.000000002	3	0.75	2	non
4	63	0.262316266	0.166666667	1.000000002	3	0.75	1	non
4	72	0.223240469	0.166666667	1.000000002	3	0.75	4	non
8	165	0.246346766	0.142857143	4.000000004	3	0.75	3	non
8	114	0.283157038	0.107142857	2.999999996	3	0.75	5	non
8	108	0.276268784	0.071428571	1.999999988	3	0.75	2	non
8	121	0.266011466	0.071428571	1.999999988	3	0.75	0	non
8	89	0.261373391	0.035714286	1.000000008	3	0.75	5	non
4	57	0.253156664	0	0	0	0.75	0	non
4	54	0.272467983	0	0	0	0.75	2	non
4	67	0.244467861	0	0	0	0.75	2	non
4	40	0.245156745	0	0	0	0.75	1	non
4	41	0.249296423	0	0	0	0.75	0	non
4	24	0.252396001	0	0	0	0.75	0	non
4	57	0.260186916	0	0	0	0.75	3	non
4	36	0.228442819	0	0	0	0.75	1	non
4	51	0.257219788	0	0	0	0.75	2	non
4	55	0.251289457	0	0	0	0.75	2	non
4	41	0.244235011	0	0	0	0.75	0	non
18	291	0.274850502	0.477124183	73	9	0.722222222	2	non
25	460	0.283288755	0.13	39	6	0.72	3	non
7	88	0.276566757	0.142857143	3.000000003	3	0.714285714	0	non
7	95	0.274478873	0.047619048	1.000000008	3	0.714285714	2	non
10	245	0.242086957	0.777777778	35.00000001	9	0.7	3	non
22	476	0.290034528	0.277056277	63.99999999	7	0.681818182	2	non
37	724	0.296458562	0.256756757	171.0000002	10	0.675675676	5	non
3	30	0.233859742	1	3	4	0.666666667	2	non
3	12	0.243380957	0.666666667	2.000000001	3	0.666666667	1	non
3	54	0.254478976	0.666666667	2.000000001	3	0.666666667	2	non
3	33	0.258214967	0.666666667	2.000000001	3	0.666666667	1	non
9	146	0.290622763	0.416666667	15.00000001	6	0.666666667	2	non
6	108	0.251315382	0.4	6	4	0.666666667	0	non
3	63	0.246558704	0.333333333	0.999999999	3	0.666666667	5	non
3	48	0.25530577	0.333333333	0.999999999	3	0.666666667	1	non
3	50	0.232575902	0.333333333	0.999999999	3	0.666666667	5	non
3	63	0.230616302	0.333333333	0.999999999	3	0.666666667	2	non
3	18	0.257301294	0.333333333	0.999999999	3	0.666666667	2	non
3	36	0.246446457	0.333333333	0.999999999	3	0.666666667	3	non
3	36	0.225680934	0.333333333	0.999999999	3	0.666666667	1	non
9	168	0.263024348	0.333333333	11.99999999	5	0.666666667	4	non
3	26	0.251639895	0.333333333	0.999999999	3	0.666666667	3	non
3	3	0.275612378	0.333333333	0.999999999	3	0.666666667	0	non
3	22	0.271632471	0.333333333	0.999999999	3	0.666666667	1	non
3	50	0.232664756	0.333333333	0.999999999	3	0.666666667	5	non
3	18	0.262231552	0.333333333	0.999999999	3	0.666666667	0	non
3	39	0.255694342	0.333333333	0.999999999	3	0.666666667	5	non
3	53	0.229389331	0.333333333	0.999999999	3	0.666666667	3	non
3	61	0.229356934	0.333333333	0.999999999	3	0.666666667	0	non
3	51	0.241714626	0.333333333	0.999999999	3	0.666666667	4	non
6	97	0.249961521	0.133333333	1.999999995	3	0.666666667	4	non
6	60	0.234208249	0.133333333	1.999999995	3	0.666666667	1	non
9	152	0.250064158	0.111111111	3.999999996	3	0.666666667	1	non
6	52	0.280451301	0.066666667	1.000000005	3	0.666666667	1	non
6	75	0.260479042	0.066666667	1.000000005	3	0.666666667	0	non
9	157	0.274108248	0.055555556	2.000000016	3	0.666666667	4	non
9	133	0.24586193	0.027777778	1.000000008	3	0.666666667	1	non
3	12	0.241750608	0	0	0	0.666666667	0	non
3	27	0.267501235	0	0	0	0.666666667	1	non
3	40	0.244308495	0	0	0	0.666666667	0	non
3	16	0.248749107	0	0	0	0.666666667	0	non
3	21	0.246533752	0	0	0	0.666666667	0	non
3	40	0.243259437	0	0	0	0.666666667	2	non
3	42	0.238379489	0	0	0	0.666666667	0	non
3	26	0.24137931	0	0	0	0.666666667	3	non
6	87	0.262344516	0	0	0	0.666666667	0	non
3	59	0.2433688	0	0	0	0.666666667	4	non
6	113	0.266477055	0	0	0	0.666666667	0	non
3	55	0.245292518	0	0	0	0.666666667	5	non
3	48	0.235612729	0	0	0	0.666666667	3	non
3	50	0.253908693	0	0	0	0.666666667	1	non
3	46	0.246421526	0	0	0	0.666666667	1	non
3	49	0.231624988	0	0	0	0.666666667	4	non
3	29	0.255613851	0	0	0	0.666666667	3	non
3	54	0.237184168	0	0	0	0.666666667	5	non
6	83	0.25739645	0	0	0	0.666666667	5	non
3	35	0.225660028	0	0	0	0.666666667	1	non
3	42	0.213095394	0	0	0	0.666666667	0	non
6	87	0.245638802	0	0	0	0.666666667	3	non
3	47	0.238893792	0	0	0	0.666666667	0	non
3	31	0.229767968	0	0	0	0.666666667	0	non
3	44	0.254878368	0	0	0	0.666666667	1	non
3	21	0.241894643	0	0	0	0.666666667	0	non
3	30	0.262683992	0	0	0	0.666666667	2	non
3	3	0.249679701	0	0	0	0.666666667	0	non
3	43	0.258091858	0	0	0	0.666666667	1	non
3	19	0.261457551	0	0	0	0.666666667	1	non
3	43	0.272178771	0	0	0	0.666666667	3	non
3	9	0.258297105	0	0	0	0.666666667	1	non
3	47	0.23776292	0	0	0	0.666666667	1	non
3	40	0.242255482	0	0	0	0.666666667	3	non
3	52	0.239799183	0	0	0	0.666666667	0	non
3	52	0.239751981	0	0	0	0.666666667	2	non
3	52	0.223578542	0	0	0	0.666666667	2	non
3	60	0.238018467	0	0	0	0.666666667	0	non
3	32	0.231119545	0	0	0	0.666666667	3	non
3	23	0.255439627	0	0	0	0.666666667	0	non
3	32	0.222212087	0	0	0	0.666666667	2	non
3	62	0.247046296	0	0	0	0.666666667	1	non
3	34	0.235271393	0	0	0	0.666666667	0	non
3	42	0.28444652	0	0	0	0.666666667	3	non
3	3	0.258804781	0	0	0	0.666666667	0	non
3	38	0.243843844	0	0	0	0.666666667	0	non
3	68	0.263166424	0	0	0	0.666666667	1	non
3	43	0.243186583	0	0	0	0.666666667	0	non
3	22	0.282042376	0	0	0	0.666666667	1	non
3	37	0.251808973	0	0	0	0.666666667	0	non
3	38	0.262401034	0	0	0	0.666666667	3	non
3	17	0.222974828	0	0	0	0.666666667	2	non
3	49	0.251587916	0	0	0	0.666666667	4	non
3	19	0.236826755	0	0	0	0.666666667	1	non
3	28	0.237311252	0	0	0	0.666666667	0	non
3	37	0.227589106	0	0	0	0.666666667	1	non
20	301	0.291492162	0.2	38	8	0.65	3	non
17	193	0.299704724	0.007352941	0.999999976	3	0.647058824	3	non
11	250	0.268755516	0.636363636	34.99999998	9	0.636363636	1	non
22	448	0.286184211	0.277056277	63.99999999	9	0.636363636	4	non
11	152	0.253657521	0.272727273	15.00000002	6	0.636363636	3	non
11	195	0.273354654	0.127272727	6.999999985	4	0.636363636	1	non
8	135	0.269007785	0.607142857	17	6	0.625	4	non
16	304	0.266404199	0.216666667	26.00000004	6	0.625	4	non
8	134	0.254771741	0.178571429	5.000000012	4	0.625	5	non
8	106	0.283569059	0.071428571	1.999999988	3	0.625	0	non
8	144	0.274046574	0.035714286	1.000000008	3	0.625	2	non
33	530	0.282091367	0.024621212	12.99999994	4	0.606060606	2	non
58	1030	0.312648399	0.054446461	90.00000003	7	0.603448276	2	non
5	89	0.247737211	0.6	6	5	0.6	1	non
5	80	0.248444671	0.5	5	4	0.6	1	non
5	99	0.258475251	0.4	4	4	0.6	1	non
5	95	0.246483861	0.3	3	4	0.6	0	non
5	63	0.267134554	0.2	2	3	0.6	1	non
5	79	0.242363944	0.2	2	3	0.6	2	non
5	60	0.266725063	0.2	2	3	0.6	0	non
20	241	0.277164638	0.189473684	35.99999996	6	0.6	1	non
10	147	0.255439627	0.177777778	8.00000001	4	0.6	4	non
10	169	0.283404107	0.111111111	4.999999995	3	0.6	2	non
10	221	0.268859334	0.111111111	4.999999995	4	0.6	5	non
5	83	0.264868979	0.1	1	3	0.6	1	non
5	58	0.285463175	0.1	1	3	0.6	1	non
5	45	0.244762622	0.1	1	3	0.6	1	non
5	47	0.277085822	0.1	1	3	0.6	0	non
5	84	0.263664899	0.1	1	3	0.6	0	non
5	57	0.272834183	0.1	1	3	0.6	3	non
5	76	0.232764799	0.1	1	3	0.6	3	non
5	64	0.249858967	0.1	1	3	0.6	2	non
5	82	0.275862069	0.1	1	3	0.6	1	non
10	162	0.283486559	0.088888889	4.000000005	3	0.6	0	non
15	262	0.287705208	0.047619048	5.00000004	4	0.6	1	non
10	108	0.269677848	0.022222222	0.99999999	3	0.6	0	non
5	75	0.259659969	0	0	0	0.6	3	non
5	72	0.270922538	0	0	0	0.6	1	non
5	69	0.247548397	0	0	0	0.6	4	non
10	40	0.27065163	0	0	0	0.6	1	non
5	56	0.279630374	0	0	0	0.6	2	non
5	52	0.280289955	0	0	0	0.6	3	non
10	127	0.256718305	0	0	0	0.6	0	non
5	90	0.243453928	0	0	0	0.6	3	non
5	65	0.268577729	0	0	0	0.6	1	non
5	41	0.249347459	0	0	0	0.6	0	non
5	37	0.2507979	0	0	0	0.6	0	non
27	452	0.283321703	0.230769231	81.00000008	7	0.592592593	0	non
34	634	0.284812347	0.140819964	78.9999998	9	0.588235294	4	non
17	315	0.297926986	0.139705882	18.99999995	6	0.588235294	2	non
12	279	0.256407557	0.409090909	26.99999999	6	0.583333333	3	non
12	236	0.270997886	0.121212121	7.999999986	3	0.583333333	4	non
12	232	0.278702591	0.090909091	6.000000006	3	0.583333333	5	non
12	148	0.286100182	0.045454545	2.99999997	3	0.583333333	3	non
12	172	0.257668712	0.015151515	0.99999999	3	0.583333333	2	non
7	141	0.240260381	0.476190476	9.999999996	6	0.571428571	1	non
7	108	0.265229463	0.380952381	8.000000001	5	0.571428571	4	non
7	54	0.28564728	0.333333333	6.999999993	4	0.571428571	0	non
7	118	0.252213077	0.142857143	3.000000003	3	0.571428571	1	non
7	106	0.23776292	0.142857143	3.000000003	3	0.571428571	1	non
7	91	0.262146893	0.142857143	3.000000003	3	0.571428571	0	non
7	106	0.280177123	0.095238095	1.999999995	3	0.571428571	0	non
7	108	0.257955207	0.047619048	1.000000008	3	0.571428571	3	non
7	73	0.261387413	0.047619048	1.000000008	3	0.571428571	1	non
7	138	0.250076994	0.047619048	1.000000008	3	0.571428571	1	non
7	89	0.259066255	0	0	0	0.571428571	0	non
7	86	0.273892512	0	0	0	0.571428571	5	non
7	95	0.26472506	0	0	0	0.571428571	1	non
9	159	0.265200588	0.111111111	3.999999996	3	0.555555556	4	non
9	134	0.255131965	0.055555556	2.000000016	3	0.555555556	4	non
9	139	0.272544193	0.027777778	1.000000008	3	0.555555556	0	non
9	137	0.280532044	0	0	0	0.555555556	3	non
20	350	0.284429914	0.094736842	17.99999998	4	0.55	2	non
11	180	0.268163804	0.054545455	3.000000025	3	0.545454545	2	non
11	11	0.304842948	0.036363636	1.99999998	3	0.545454545	0	non
24	373	0.27562797	0.014492754	4.000000104	3	0.541666667	0	non
13	239	0.271284593	0.115384615	8.99999997	4	0.538461538	4	non
13	214	0.282026049	0.064102564	4.999999992	3	0.538461538	2	non
13	136	0.283255814	0.025641026	2.000000028	3	0.538461538	0	non
15	274	0.269528657	0.276190476	28.99999998	7	0.533333333	2	non
15	249	0.2719357	0.066666667	7.000000035	4	0.533333333	1	non
15	226	0.27927773	0.047619048	5.00000004	3	0.533333333	5	non
15	296	0.278957916	0.038095238	3.99999999	3	0.533333333	4	non
15	248	0.283025444	0.00952381	1.00000005	3	0.533333333	4	non
15	195	0.292876465	0.00952381	1.00000005	3	0.533333333	0	non
17	260	0.295022405	0.058823529	7.999999944	3	0.529411765	0	non
19	357	0.287348865	0.263157895	45.00000005	5	0.526315789	2	non
19	269	0.280338339	0.01754386	3.00000006	3	0.526315789	5	non
21	392	0.279598278	0.29047619	60.9999999	9	0.523809524	3	non
2	18	0.261710357	1	1	3	0.5	1	non
2	27	0.204268165	1	1	3	0.5	3	non
2	49	0.239010989	1	1	3	0.5	2	non
2	36	0.24509508	1	1	3	0.5	2	non
2	29	0.209000043	1	1	3	0.5	2	non
2	37	0.221152973	1	1	3	0.5	1	non
2	29	0.225963545	1	1	3	0.5	2	non
2	12	0.23215477	1	1	3	0.5	0	non
2	14	0.221363987	1	1	3	0.5	0	non
2	54	0.214644462	1	1	3	0.5	2	non
2	38	0.234772552	1	1	3	0.5	4	non
2	40	0.259563133	1	1	3	0.5	2	non
2	35	0.256948473	1	1	3	0.5	0	non
2	21	0.254080834	1	1	3	0.5	2	non
2	21	0.255909234	1	1	3	0.5	1	non
2	41	0.235909355	1	1	3	0.5	4	non
2	30	0.222080408	1	1	3	0.5	2	non
2	16	0.255252266	1	1	3	0.5	0	non
2	13	0.23796034	1	1	3	0.5	0	non
6	120	0.243782837	0.533333333	7.999999995	5	0.5	1	non
4	73	0.228239483	0.5	3	4	0.5	4	non
4	69	0.231207289	0.5	3	4	0.5	2	non
4	54	0.276912584	0.5	3	4	0.5	2	non
4	52	0.263907697	0.5	3	4	0.5	1	non
8	165	0.263936291	0.5	14	5	0.5	2	non
4	64	0.224837325	0.5	3	4	0.5	1	non
10	207	0.235510224	0.444444444	19.99999998	7	0.5	2	non
6	100	0.246596143	0.4	6	5	0.5	0	non
6	43	0.276975554	0.4	6	4	0.5	0	non
8	172	0.244615153	0.392857143	11	6	0.5	4	non
8	151	0.272087568	0.357142857	9.999999996	6	0.5	3	non
8	168	0.264984227	0.357142857	9.999999996	5	0.5	1	non
4	63	0.250759174	0.333333333	1.999999998	3	0.5	3	non
6	109	0.251108133	0.333333333	4.999999995	4	0.5	1	non
4	47	0.263137996	0.333333333	1.999999998	3	0.5	1	non
4	54	0.268075272	0.333333333	1.999999998	3	0.5	1	non
4	45	0.269230769	0.333333333	1.999999998	3	0.5	0	non
4	87	0.233433951	0.333333333	1.999999998	3	0.5	4	non
4	90	0.238823529	0.333333333	1.999999998	3	0.5	2	non
4	65	0.240177471	0.333333333	1.999999998	3	0.5	1	non
12	216	0.291317867	0.303030303	20	5	0.5	2	non
22	482	0.274293435	0.29004329	66.99999999	8	0.5	2	non
10	162	0.258447828	0.244444444	10.99999998	5	0.5	3	non
6	93	0.244014825	0.2	3	4	0.5	2	non
6	92	0.267986799	0.2	3	3	0.5	1	non
6	57	0.282746213	0.2	3	3	0.5	1	non
14	233	0.255734607	0.197802198	18.00000002	7	0.5	0	non
22	422	0.284596063	0.19047619	43.99999989	6	0.5	3	non
26	534	0.290190005	0.187692308	61.0000001	8	0.5	1	non
30	657	0.288557214	0.183908046	80.00000001	7	0.5	5	non
8	109	0.248482685	0.178571429	5.000000012	4	0.5	1	non
4	44	0.266958904	0.166666667	1.000000002	3	0.5	0	non
4	47	0.267251783	0.166666667	1.000000002	3	0.5	1	non
4	4	0.25257919	0.166666667	1.000000002	3	0.5	0	non
4	62	0.257900588	0.166666667	1.000000002	3	0.5	3	non
4	53	0.276237455	0.166666667	1.000000002	3	0.5	4	non
4	52	0.224972294	0.166666667	1.000000002	3	0.5	2	non
4	37	0.24728454	0.166666667	1.000000002	3	0.5	1	non
4	54	0.264581297	0.166666667	1.000000002	3	0.5	3	non
4	73	0.25769597	0.166666667	1.000000002	3	0.5	5	non
4	53	0.254918376	0.166666667	1.000000002	3	0.5	0	non
4	57	0.261191229	0.166666667	1.000000002	3	0.5	2	non
4	65	0.2688	0.166666667	1.000000002	3	0.5	3	non
4	40	0.228796844	0.166666667	1.000000002	3	0.5	1	non
4	53	0.259162721	0.166666667	1.000000002	3	0.5	3	non
4	17	0.271496239	0.166666667	1.000000002	3	0.5	1	non
4	37	0.270666667	0.166666667	1.000000002	3	0.5	0	non
4	68	0.245614035	0.166666667	1.000000002	3	0.5	2	non
4	62	0.259190296	0.166666667	1.000000002	3	0.5	1	non
4	66	0.248242128	0.166666667	1.000000002	3	0.5	1	non
4	63	0.241570805	0.166666667	1.000000002	3	0.5	1	non
4	36	0.248280079	0.166666667	1.000000002	3	0.5	1	non
4	45	0.255734607	0.166666667	1.000000002	3	0.5	1	non
4	79	0.250527074	0.166666667	1.000000002	3	0.5	1	non
4	69	0.24814098	0.166666667	1.000000002	3	0.5	0	non
4	79	0.272803628	0.166666667	1.000000002	3	0.5	3	non
4	68	0.224567873	0.166666667	1.000000002	3	0.5	1	non
10	100	0.269483932	0.155555556	7.00000002	4	0.5	2	non
12	187	0.272376586	0.151515152	10.00000003	5	0.5	0	non
8	130	0.270066519	0.142857143	4.000000004	3	0.5	4	non
8	146	0.242062901	0.142857143	4.000000004	3	0.5	1	non
6	120	0.249923053	0.133333333	1.999999995	3	0.5	1	non
6	90	0.280225469	0.133333333	1.999999995	3	0.5	0	non
6	73	0.270471326	0.133333333	1.999999995	3	0.5	2	non
10	156	0.263251743	0.133333333	5.999999985	5	0.5	3	non
6	105	0.260660211	0.133333333	1.999999995	3	0.5	3	non
10	156	0.273784771	0.111111111	4.999999995	4	0.5	1	non
10	142	0.273170732	0.088888889	4.000000005	4	0.5	1	non
10	154	0.263137996	0.088888889	4.000000005	3	0.5	4	non
34	573	0.286672551	0.087344029	49.00000027	5	0.5	5	non
8	93	0.288505951	0.071428571	1.999999988	3	0.5	1	non
8	112	0.271405493	0.071428571	1.999999988	3	0.5	2	non
20	332	0.295129634	0.068421053	13.00000007	4	0.5	1	non
10	128	0.294719013	0.066666667	3.000000015	3	0.5	1	non
6	72	0.255279015	0.066666667	1.000000005	3	0.5	5	non
6	106	0.269424321	0.066666667	1.000000005	3	0.5	2	non
6	100	0.249884598	0.066666667	1.000000005	3	0.5	4	non
6	87	0.260660211	0.066666667	1.000000005	3	0.5	2	non
6	81	0.245614035	0.066666667	1.000000005	3	0.5	2	non
20	313	0.27833638	0.052631579	10.00000001	3	0.5	4	non
8	94	0.274185379	0.035714286	1.000000008	3	0.5	1	non
8	105	0.267002795	0.035714286	1.000000008	3	0.5	0	non
8	109	0.263893403	0.035714286	1.000000008	3	0.5	3	non
8	120	0.276456903	0.035714286	1.000000008	3	0.5	5	non
8	97	0.283734203	0.035714286	1.000000008	3	0.5	1	non
8	144	0.262273902	0.035714286	1.000000008	3	0.5	4	non
8	126	0.277780945	0.035714286	1.000000008	3	0.5	4	non
8	164	0.272224395	0.035714286	1.000000008	3	0.5	3	non
14	185	0.297563061	0.032967033	3.000000003	4	0.5	0	non
10	164	0.271375258	0.022222222	0.99999999	3	0.5	1	non
10	106	0.266783485	0.022222222	0.99999999	3	0.5	4	non
10	154	0.278193342	0.022222222	0.99999999	3	0.5	2	non
12	162	0.277290837	0.015151515	0.99999999	3	0.5	2	non
4	61	0.23537369	0	0	0	0.5	0	non
2	40	0.226826202	0	0	0	0.5	1	non
2	23	0.235350949	0	0	0	0.5	2	non
2	40	0.227027027	0	0	0	0.5	1	non
2	23	0.195945946	0	0	0	0.5	2	non
2	17	0.260214709	0	0	0	0.5	2	non
2	20	0.22383534	0	0	0	0.5	0	non
2	12	0.242581159	0	0	0	0.5	0	non
4	62	0.256962025	0	0	0	0.5	3	non
2	22	0.222201952	0	0	0	0.5	1	non
2	2	0.278495484	0	0	0	0.5	0	non
2	16	0.225294798	0	0	0	0.5	1	non
2	19	0.262783172	0	0	0	0.5	3	non
8	118	0.251939187	0	0	0	0.5	0	non
2	19	0.249449593	0	0	0	0.5	0	non
4	60	0.253248778	0	0	0	0.5	0	non
2	13	0.192645314	0	0	0	0.5	1	non
2	2	0.239175258	0	0	0	0.5	0	non
2	2	0.258859784	0	0	0	0.5	0	non
2	18	0.235897933	0	0	0	0.5	1	non
4	57	0.256313131	0	0	0	0.5	2	non
2	11	0.232709209	0	0	0	0.5	2	non
2	30	0.245119742	0	0	0	0.5	3	non
2	27	0.255412844	0	0	0	0.5	0	non
2	22	0.237011092	0	0	0	0.5	4	non
4	48	0.235635519	0	0	0	0.5	3	non
2	33	0.244283995	0	0	0	0.5	3	non
2	21	0.247347312	0	0	0	0.5	1	non
2	23	0.245601653	0	0	0	0.5	2	non
2	20	0.229454152	0	0	0	0.5	0	non
4	62	0.246160065	0	0	0	0.5	0	non
2	2	0.22020339	0	0	0	0.5	0	non
2	25	0.237496344	0	0	0	0.5	2	non
2	24	0.27274254	0	0	0	0.5	1	non
4	35	0.275987084	0	0	0	0.5	1	non
2	24	0.253948397	0	0	0	0.5	2	non
2	20	0.199369808	0	0	0	0.5	5	non
2	20	0.257029807	0	0	0	0.5	3	non
4	4	0.260173021	0	0	0	0.5	0	non
2	2	0.208240725	0	0	0	0.5	0	non
2	26	0.216494845	0	0	0	0.5	4	non
2	15	0.264050729	0	0	0	0.5	1	non
4	34	0.238193018	0	0	0	0.5	1	non
4	55	0.232254374	0	0	0	0.5	3	non
4	42	0.27274254	0	0	0	0.5	2	non
2	31	0.231273142	0	0	0	0.5	1	non
4	65	0.231141475	0	0	0	0.5	3	non
2	21	0.207151665	0	0	0	0.5	3	non
2	20	0.225253132	0	0	0	0.5	0	non
2	34	0.260590501	0	0	0	0.5	3	non
2	2	0.24466429	0	0	0	0.5	0	non
2	28	0.234219509	0	0	0	0.5	0	non
2	2	0.240818546	0	0	0	0.5	0	non
4	45	0.247347312	0	0	0	0.5	2	non
2	2	0.204182557	0	0	0	0.5	0	non
2	2	0.267839472	0	0	0	0.5	0	non
6	6	0.290190005	0	0	0	0.5	0	non
2	28	0.2429804	0	0	0	0.5	0	non
2	30	0.258530114	0	0	0	0.5	1	non
2	24	0.260911476	0	0	0	0.5	0	non
2	38	0.241235888	0	0	0	0.5	2	non
8	90	0.285279307	0	0	0	0.5	0	non
2	21	0.217908579	0	0	0	0.5	1	non
2	30	0.226625733	0	0	0	0.5	1	non
2	25	0.219074599	0	0	0	0.5	0	non
2	14	0.244345253	0	0	0	0.5	0	non
2	25	0.240985309	0	0	0	0.5	0	non
2	8	0.259080032	0	0	0	0.5	1	non
4	57	0.248571429	0	0	0	0.5	3	non
2	22	0.260702055	0	0	0	0.5	0	non
6	85	0.257124763	0	0	0	0.5	1	non
2	19	0.268488923	0	0	0	0.5	2	non
6	80	0.262259784	0	0	0	0.5	0	non
4	58	0.244480128	0	0	0	0.5	1	non
2	41	0.210863449	0	0	0	0.5	1	non
2	36	0.23490839	0	0	0	0.5	0	non
2	16	0.181702905	0	0	0	0.5	0	non
2	8	0.260785783	0	0	0	0.5	0	non
2	16	0.245700741	0	0	0	0.5	0	non
2	25	0.231768232	0	0	0	0.5	2	non
2	31	0.246883551	0	0	0	0.5	3	non
2	8	0.242593238	0	0	0	0.5	0	non
2	8	0.249181669	0	0	0	0.5	0	non
2	26	0.267075979	0	0	0	0.5	3	non
2	30	0.265533028	0	0	0	0.5	0	non
2	2	0.242111017	0	0	0	0.5	0	non
2	27	0.251795958	0	0	0	0.5	1	non
2	17	0.243770639	0	0	0	0.5	0	non
2	38	0.214786404	0	0	0	0.5	4	non
2	33	0.223701731	0	0	0	0.5	0	non
2	12	0.212983607	0	0	0	0.5	1	non
2	20	0.253948397	0	0	0	0.5	2	non
2	31	0.233646653	0	0	0	0.5	0	non
8	109	0.264825787	0	0	0	0.5	3	non
2	31	0.22388677	0	0	0	0.5	2	non
2	24	0.244455595	0	0	0	0.5	3	non
2	37	0.225795986	0	0	0	0.5	4	non
2	38	0.237080292	0	0	0	0.5	1	non
2	32	0.206878981	0	0	0	0.5	4	non
2	26	0.242376001	0	0	0	0.5	0	non
2	30	0.218946612	0	0	0	0.5	0	non
4	60	0.255493209	0	0	0	0.5	3	non
2	20	0.24329588	0	0	0	0.5	3	non
2	15	0.216302611	0	0	0	0.5	3	non
2	21	0.216581463	0	0	0	0.5	3	non
2	20	0.251835005	0	0	0	0.5	0	non
4	61	0.233087743	0	0	0	0.5	5	non
2	32	0.240770941	0	0	0	0.5	0	non
4	48	0.235681115	0	0	0	0.5	1	non
2	23	0.238041726	0	0	0	0.5	1	non
2	24	0.161356561	0	0	0	0.5	5	non
4	58	0.268429752	0	0	0	0.5	3	non
2	20	0.249935874	0	0	0	0.5	0	non
4	19	0.27204199	0	0	0	0.5	0	non
4	4	0.263024348	0	0	0	0.5	0	non
2	5	0.249910233	0	0	0	0.5	0	non
2	36	0.221092757	0	0	0	0.5	0	non
2	23	0.250243978	0	0	0	0.5	1	non
2	41	0.23035461	0	0	0	0.5	0	non
4	61	0.216321819	0	0	0	0.5	0	non
2	21	0.237011092	0	0	0	0.5	2	non
4	68	0.261836943	0	0	0	0.5	3	non
2	21	0.187861495	0	0	0	0.5	1	non
2	24	0.238099892	0	0	0	0.5	0	non
2	17	0.256043725	0	0	0	0.5	1	non
2	20	0.248825332	0	0	0	0.5	0	non
2	29	0.241486989	0	0	0	0.5	0	non
2	23	0.225169848	0	0	0	0.5	4	non
2	8	0.255051827	0	0	0	0.5	1	non
2	21	0.231218262	0	0	0	0.5	1	non
2	26	0.226394052	0	0	0	0.5	1	non
4	42	0.223148445	0	0	0	0.5	0	non
2	37	0.264466399	0	0	0	0.5	0	non
2	31	0.222080408	0	0	0	0.5	2	non
2	22	0.242291625	0	0	0	0.5	0	non
2	18	0.268711047	0	0	0	0.5	1	non
2	8	0.202890101	0	0	0	0.5	0	non
2	28	0.246783507	0	0	0	0.5	3	non
2	21	0.275768382	0	0	0	0.5	0	non
2	24	0.246521277	0	0	0	0.5	4	non
2	21	0.242183228	0	0	0	0.5	3	non
2	20	0.254452395	0	0	0	0.5	2	non
2	27	0.230430875	0	0	0	0.5	1	non
4	63	0.244799518	0	0	0	0.5	2	non
2	22	0.239728387	0	0	0	0.5	0	non
2	2	0.246110325	0	0	0	0.5	0	non
2	31	0.23028928	0	0	0	0.5	0	non
2	29	0.229195089	0	0	0	0.5	1	non
2	2	0.227270607	0	0	0	0.5	0	non
2	18	0.232376228	0	0	0	0.5	3	non
2	28	0.233266303	0	0	0	0.5	2	non
2	23	0.264251234	0	0	0	0.5	2	non
2	24	0.257832345	0	0	0	0.5	3	non
2	27	0.260214709	0	0	0	0.5	1	non
2	2	0.264236902	0	0	0	0.5	0	non
2	31	0.251095191	0	0	0	0.5	3	non
2	8	0.238905507	0	0	0	0.5	1	non
2	31	0.239516248	0	0	0	0.5	3	non
2	26	0.238507857	0	0	0	0.5	4	non
2	13	0.218318695	0	0	0	0.5	3	non
2	14	0.248065173	0	0	0	0.5	2	non
2	33	0.211807669	0	0	0	0.5	0	non
4	46	0.294879555	0	0	0	0.5	2	non
4	56	0.261387413	0	0	0	0.5	1	non
2	20	0.249219909	0	0	0	0.5	1	non
2	16	0.212352351	0	0	0	0.5	2	non
2	38	0.240212997	0	0	0	0.5	0	non
2	10	0.264739445	0	0	0	0.5	5	non
2	23	0.233557047	0	0	0	0.5	3	non
2	25	0.215537073	0	0	0	0.5	1	non
2	27	0.228143292	0	0	0	0.5	1	non
2	13	0.198113208	0	0	0	0.5	3	non
2	30	0.228829083	0	0	0	0.5	4	non
4	59	0.238402819	0	0	0	0.5	1	non
2	27	0.25686719	0	0	0	0.5	2	non
2	21	0.247749809	0	0	0	0.5	4	non
2	23	0.266988163	0	0	0	0.5	1	non
2	24	0.190275337	0	0	0	0.5	0	non
2	17	0.236746198	0	0	0	0.5	3	non
2	36	0.222131035	0	0	0	0.5	1	non
6	89	0.276143513	0	0	0	0.5	3	non
4	55	0.240355205	0	0	0	0.5	0	non
2	21	0.24947514	0	0	0	0.5	0	non
2	21	0.265475153	0	0	0	0.5	4	non
4	33	0.244308495	0	0	0	0.5	3	non
6	97	0.280177123	0	0	0	0.5	2	non
2	18	0.262514144	0	0	0	0.5	1	non
2	25	0.236918887	0	0	0	0.5	1	non
2	2	0.238076622	0	0	0	0.5	0	non
2	13	0.261289285	0	0	0	0.5	1	non
2	21	0.26039551	0	0	0	0.5	1	non
2	22	0.233534656	0	0	0	0.5	0	non
4	49	0.241978742	0	0	0	0.5	1	non
2	17	0.199950751	0	0	0	0.5	1	non
6	96	0.259715337	0	0	0	0.5	1	non
2	14	0.266856548	0	0	0	0.5	2	non
4	4	0.264739445	0	0	0	0.5	0	non
2	20	0.241355395	0	0	0	0.5	2	non
2	16	0.249500691	0	0	0	0.5	0	non
4	53	0.250051324	0	0	0	0.5	0	non
2	2	0.230955203	0	0	0	0.5	0	non
4	43	0.247573556	0	0	0	0.5	0	non
2	2	0.24947514	0	0	0	0.5	0	non
2	17	0.219459459	0	0	0	0.5	1	non
2	31	0.221706485	0	0	0	0.5	2	non
2	24	0.240949555	0	0	0	0.5	1	non
2	9	0.244332999	0	0	0	0.5	0	non
2	8	0.217957321	0	0	0	0.5	1	non
4	62	0.247749809	0	0	0	0.5	1	non
2	39	0.266025991	0	0	0	0.5	3	non
4	68	0.263964891	0	0	0	0.5	1	non
2	24	0.221746848	0	0	0	0.5	0	non
2	13	0.215441762	0	0	0	0.5	0	non
2	25	0.239893643	0	0	0	0.5	0	non
2	15	0.251730908	0	0	0	0.5	1	non
2	20	0.232055251	0	0	0	0.5	1	non
4	16	0.226236359	0	0	0	0.5	4	non
2	28	0.245824714	0	0	0	0.5	1	non
2	19	0.238437821	0	0	0	0.5	3	non
2	2	0.205500253	0	0	0	0.5	0	non
2	23	0.242291625	0	0	0	0.5	0	non
6	24	0.27759102	0	0	0	0.5	1	non
2	24	0.206843848	0	0	0	0.5	0	non
2	35	0.219380403	0	0	0	0.5	2	non
2	25	0.244590592	0	0	0	0.5	0	non
2	22	0.237276579	0	0	0	0.5	1	non
2	18	0.238146446	0	0	0	0.5	0	non
2	40	0.225232305	0	0	0	0.5	5	non
2	26	0.239327995	0	0	0	0.5	1	non
4	52	0.265808282	0	0	0	0.5	0	non
4	56	0.256569593	0	0	0	0.5	3	non
2	30	0.244467861	0	0	0	0.5	1	non
2	8	0.234163222	0	0	0	0.5	0	non
2	24	0.228947368	0	0	0	0.5	0	non
4	51	0.257832345	0	0	0	0.5	1	non
6	111	0.270847231	0	0	0	0.5	4	non
2	27	0.220932342	0	0	0	0.5	0	non
2	29	0.241152304	0	0	0	0.5	1	non
2	25	0.251613903	0	0	0	0.5	1	non
2	14	0.232965141	0	0	0	0.5	0	non
2	20	0.241200059	0	0	0	0.5	1	non
2	26	0.217054264	0	0	0	0.5	0	non
2	31	0.242895603	0	0	0	0.5	3	non
2	28	0.259480187	0	0	0	0.5	2	non
2	29	0.261037291	0	0	0	0.5	0	non
2	23	0.249833342	0	0	0	0.5	3	non
6	84	0.26025641	0	0	0	0.5	2	non
2	39	0.256043725	0	0	0	0.5	2	non
2	11	0.267795306	0	0	0	0.5	0	non
2	20	0.229519009	0	0	0	0.5	0	non
2	22	0.237230365	0	0	0	0.5	2	non
4	16	0.270741873	0	0	0	0.5	1	non
2	20	0.252409077	0	0	0	0.5	1	non
2	19	0.225305216	0	0	0	0.5	1	non
2	17	0.225201072	0	0	0	0.5	2	non
2	38	0.223969108	0	0	0	0.5	1	non
2	28	0.248939758	0	0	0	0.5	2	non
2	18	0.238800118	0	0	0	0.5	1	non
2	18	0.252762646	0	0	0	0.5	0	non
2	12	0.225253132	0	0	0	0.5	5	non
2	25	0.233098895	0	0	0	0.5	2	non
2	28	0.258969861	0	0	0	0.5	1	non
2	2	0.245354283	0	0	0	0.5	0	non
2	26	0.244676577	0	0	0	0.5	0	non
2	35	0.22088226	0	0	0	0.5	4	non
2	36	0.25363111	0	0	0	0.5	3	non
2	2	0.251769934	0	0	0	0.5	0	non
2	25	0.23713799	0	0	0	0.5	2	non
2	30	0.245280169	0	0	0	0.5	0	non
8	101	0.279197708	0	0	0	0.5	0	non
2	18	0.204826368	0	0	0	0.5	3	non
2	31	0.240652013	0	0	0	0.5	1	non
2	21	0.221726665	0	0	0	0.5	0	non
2	22	0.226815642	0	0	0	0.5	2	non
2	15	0.238589618	0	0	0	0.5	3	non
2	22	0.259853859	0	0	0	0.5	3	non
4	4	0.287994325	0	0	0	0.5	0	non
2	24	0.226309922	0	0	0	0.5	3	non
2	2	0.237635353	0	0	0	0.5	0	non
4	67	0.255372681	0	0	0	0.5	1	non
2	36	0.214087973	0	0	0	0.5	0	non
2	2	0.216120303	0	0	0	0.5	0	non
4	55	0.25662365	0	0	0	0.5	0	non
2	21	0.230311052	0	0	0	0.5	5	non
4	16	0.250952921	0	0	0	0.5	1	non
2	36	0.246035754	0	0	0	0.5	1	non
4	50	0.256637168	0	0	0	0.5	0	non
2	27	0.234219509	0	0	0	0.5	3	non
2	21	0.201797622	0	0	0	0.5	0	non
2	22	0.239469157	0	0	0	0.5	1	non
2	30	0.204310996	0	0	0	0.5	0	non
2	19	0.230398184	0	0	0	0.5	4	non
6	84	0.256921373	0	0	0	0.5	0	non
4	57	0.2490161	0	0	0	0.5	1	non
2	19	0.216043634	0	0	0	0.5	1	non
2	24	0.240023648	0	0	0	0.5	0	non
4	51	0.270771967	0	0	0	0.5	1	non
55	779	0.300740741	0.052525253	78.00000071	7	0.490909091	4	non
31	397	0.311111111	0.006451613	3.000000045	3	0.483870968	0	non
29	483	0.298602599	0.093596059	37.99999995	6	0.482758621	5	non
27	453	0.30126144	0.076923077	27.00000003	6	0.481481481	0	non
21	274	0.302064604	0.10952381	23.0000001	5	0.476190476	2	non
21	356	0.285229202	0.085714286	18.00000006	5	0.476190476	3	non
19	242	0.281455806	0.040935673	7.000000083	4	0.473684211	4	non
38	599	0.306781689	0.024182077	17.00000013	5	0.473684211	5	non
17	248	0.263137996	0.161764706	22.00000002	6	0.470588235	3	non
17	271	0.275425406	0.102941176	13.99999994	6	0.470588235	1	non
17	219	0.293299621	0.014705882	1.999999952	3	0.470588235	2	non
66	1197	0.309706948	0.061072261	130.9999998	7	0.46969697	1	non
15	240	0.274556213	0.152380952	15.99999996	6	0.466666667	3	non
15	234	0.258612453	0.095238095	9.999999975	5	0.466666667	0	non
15	228	0.291422419	0.076190476	7.99999998	3	0.466666667	0	non
15	134	0.273354654	0.047619048	5.00000004	4	0.466666667	2	non
15	216	0.276488281	0.028571429	3.000000045	3	0.466666667	0	non
28	544	0.29550555	0.082010582	31	5	0.464285714	3	non
13	229	0.277353979	0.205128205	15.99999999	6	0.461538462	2	non
39	804	0.297653959	0.132253711	97.99999985	7	0.461538462	3	non
26	432	0.279037801	0.049230769	15.99999993	5	0.461538462	4	non
13	179	0.277353979	0	0	0	0.461538462	3	non
11	225	0.285145733	0.327272727	17.99999999	5	0.454545455	4	non
11	237	0.261597938	0.309090909	17	6	0.454545455	5	non
11	218	0.253025188	0.254545455	14.00000003	4	0.454545455	3	non
11	169	0.258132881	0.163636364	9.00000002	4	0.454545455	4	non
11	203	0.279550149	0.054545455	3.000000025	4	0.454545455	1	non
11	138	0.275487701	0.036363636	1.99999998	3	0.454545455	1	non
22	88	0.290761518	0.03030303	6.99999993	3	0.454545455	1	non
11	166	0.261611985	0.018181818	0.99999999	3	0.454545455	1	non
18	354	0.265866303	0.274509804	42.00000001	7	0.444444444	1	non
9	108	0.259812287	0.25	9	4	0.444444444	1	non
18	337	0.280985063	0.248366013	37.99999999	5	0.444444444	4	non
9	165	0.263123785	0.222222222	7.999999992	4	0.444444444	4	non
9	156	0.265070729	0.138888889	5.000000004	4	0.444444444	4	non
18	347	0.28467921	0.104575163	15.99999994	4	0.444444444	4	non
9	130	0.275768382	0.083333333	2.999999988	4	0.444444444	2	non
9	132	0.262995951	0.083333333	2.999999988	3	0.444444444	3	non
9	90	0.27275781	0.083333333	2.999999988	3	0.444444444	1	non
9	120	0.244027047	0.027777778	1.000000008	3	0.444444444	4	non
18	279	0.285296012	0.006535948	1.000000044	3	0.444444444	3	non
9	153	0.256826568	0	0	0	0.444444444	5	non
16	309	0.275425406	0.191666667	23.00000004	6	0.4375	1	non
16	235	0.28368464	0.025	3	3	0.4375	3	non
16	260	0.27020132	0.016666667	2.00000004	3	0.4375	3	non
16	194	0.282696994	0	0	0	0.4375	1	non
7	88	0.241678655	0.476190476	9.999999996	6	0.428571429	1	non
7	154	0.250978776	0.428571429	9.000000009	5	0.428571429	4	non
7	130	0.248546067	0.380952381	8.000000001	5	0.428571429	4	non
7	159	0.267061339	0.285714286	6.000000006	4	0.428571429	3	non
21	403	0.286453434	0.20952381	44.0000001	6	0.428571429	5	non
7	118	0.257478068	0.19047619	3.99999999	3	0.428571429	2	non
7	93	0.251458065	0.19047619	3.99999999	3	0.428571429	1	non
7	88	0.285932273	0.142857143	3.000000003	3	0.428571429	2	non
7	106	0.272407045	0.142857143	3.000000003	4	0.428571429	1	non
7	98	0.250733364	0.142857143	3.000000003	4	0.428571429	0	non
7	120	0.259259259	0.142857143	3.000000003	4	0.428571429	3	non
7	104	0.260325942	0.142857143	3.000000003	3	0.428571429	1	non
7	145	0.251198763	0.142857143	3.000000003	4	0.428571429	1	non
14	237	0.291631749	0.131868132	12.00000001	4	0.428571429	2	non
7	117	0.263351351	0.095238095	1.999999995	3	0.428571429	5	non
7	85	0.271814327	0.047619048	1.000000008	3	0.428571429	2	non
7	80	0.294523032	0.047619048	1.000000008	3	0.428571429	0	non
7	92	0.252317572	0.047619048	1.000000008	3	0.428571429	2	non
7	116	0.271148709	0.047619048	1.000000008	3	0.428571429	1	non
14	190	0.271178893	0.010989011	1.000000001	3	0.428571429	0	non
7	84	0.270621563	0	0	0	0.428571429	2	non
7	82	0.243758443	0	0	0	0.428571429	1	non
7	129	0.257165479	0	0	0	0.428571429	1	non
26	357	0.278575104	0.009230769	2.999999925	3	0.423076923	3	non
19	247	0.281163435	0.064327485	10.99999994	5	0.421052632	2	non
12	212	0.249245409	0.318181818	20.99999999	6	0.416666667	4	non
12	224	0.25923167	0.257575758	17.00000003	6	0.416666667	3	non
12	186	0.273155416	0.090909091	6.000000006	4	0.416666667	3	non
12	206	0.282828283	0.090909091	6.000000006	3	0.416666667	4	non
12	140	0.273416017	0.060606061	4.000000026	3	0.416666667	2	non
24	237	0.280823102	0.018115942	4.999999992	3	0.416666667	3	non
17	317	0.258324496	0.176470588	23.99999997	6	0.411764706	4	non
17	275	0.278606965	0.080882353	11.00000001	4	0.411764706	5	non
17	244	0.30187744	0.066176471	9.000000056	4	0.411764706	1	non
17	310	0.276033994	0.058823529	7.999999944	4	0.411764706	4	non
17	224	0.281993402	0.007352941	0.999999976	3	0.411764706	3	non
22	377	0.285747801	0.138528139	32.00000011	5	0.409090909	3	non
22	385	0.266768877	0.082251082	18.99999994	6	0.409090909	1	non
22	312	0.277054308	0.056277056	12.99999994	4	0.409090909	4	non
5	97	0.222750549	0.4	4	4	0.4	3	non
5	72	0.237461617	0.4	4	4	0.4	2	non
5	107	0.253710358	0.4	4	3	0.4	0	non
5	65	0.241666667	0.4	4	3	0.4	3	non
5	91	0.235532995	0.3	3	4	0.4	2	non
5	80	0.245700741	0.3	3	3	0.4	1	non
5	80	0.267339772	0.3	3	3	0.4	2	non
5	75	0.246284501	0.2	2	3	0.4	1	non
5	109	0.24137931	0.2	2	3	0.4	3	non
5	78	0.25068176	0.2	2	3	0.4	4	non
5	84	0.260089686	0.2	2	3	0.4	3	non
5	73	0.273800157	0.2	2	3	0.4	1	non
5	35	0.272300469	0.2	2	3	0.4	1	non
15	240	0.280742192	0.180952381	19.00000001	5	0.4	3	non
25	409	0.288642692	0.156666667	47.0000001	6	0.4	2	non
10	179	0.263024348	0.155555556	7.00000002	4	0.4	2	non
15	240	0.273508112	0.123809524	13.00000002	4	0.4	3	non
30	424	0.294398453	0.108045977	47	9	0.4	3	non
5	20	0.255412844	0.1	1	3	0.4	2	non
5	65	0.268844498	0.1	1	3	0.4	1	non
5	94	0.269037495	0.1	1	3	0.4	2	non
5	100	0.242944051	0.1	1	3	0.4	1	non
5	88	0.264394638	0.1	1	3	0.4	3	non
5	91	0.232675868	0.1	1	3	0.4	2	non
5	95	0.236516336	0.1	1	3	0.4	3	non
5	43	0.273969521	0.1	1	3	0.4	2	non
5	77	0.276771005	0.1	1	3	0.4	3	non
5	80	0.236481895	0.1	1	3	0.4	1	non
5	89	0.231955818	0.1	1	3	0.4	3	non
5	71	0.227079935	0.1	1	3	0.4	2	non
5	59	0.274015748	0.1	1	3	0.4	1	non
10	166	0.271193988	0.088888889	4.000000005	3	0.4	1	non
20	335	0.278559177	0.057894737	11.00000003	5	0.4	3	non
30	438	0.304804805	0.050574713	22.00000016	5	0.4	2	non
15	296	0.272178771	0.047619048	5.00000004	4	0.4	4	non
10	98	0.276002719	0.044444444	1.99999998	3	0.4	1	non
10	129	0.282320218	0.022222222	0.99999999	3	0.4	4	non
20	247	0.273631003	0.021052632	4.00000008	3	0.4	1	non
5	76	0.269558482	0	0	0	0.4	2	non
5	5	0.271360143	0	0	0	0.4	0	non
5	55	0.243271583	0	0	0	0.4	4	non
5	40	0.26795732	0	0	0	0.4	1	non
5	73	0.229044239	0	0	0	0.4	1	non
5	17	0.257709601	0	0	0	0.4	1	non
5	44	0.270576475	0	0	0	0.4	2	non
5	70	0.25791424	0	0	0	0.4	3	non
5	71	0.261597938	0	0	0	0.4	1	non
5	78	0.26776587	0	0	0	0.4	1	non
5	58	0.223650386	0	0	0	0.4	0	non
5	64	0.240604474	0	0	0	0.4	5	non
5	84	0.251900109	0	0	0	0.4	2	non
5	79	0.242907713	0	0	0	0.4	0	non
5	55	0.244578313	0	0	0	0.4	2	non
10	134	0.258324496	0	0	0	0.4	4	non
5	69	0.271950879	0	0	0	0.4	0	non
5	72	0.261541765	0	0	0	0.4	3	non
5	95	0.280032188	0	0	0	0.4	4	non
5	55	0.262146893	0	0	0	0.4	4	non
5	70	0.259853859	0	0	0	0.4	2	non
5	70	0.244639719	0	0	0	0.4	5	non
5	20	0.244357508	0	0	0	0.4	0	non
5	76	0.25950783	0	0	0	0.4	2	non
5	87	0.253169819	0	0	0	0.4	1	non
5	60	0.235806592	0	0	0	0.4	3	non
5	73	0.255212153	0	0	0	0.4	1	non
5	81	0.238332844	0	0	0	0.4	3	non
15	176	0.284164479	0	0	0	0.4	4	non
5	56	0.255238894	0	0	0	0.4	3	non
20	252	0.268577729	0	0	0	0.4	1	non
5	60	0.253670728	0	0	0	0.4	0	non
5	40	0.243356643	0	0	0	0.4	0	non
5	71	0.267471864	0	0	0	0.4	0	non
5	63	0.241702634	0	0	0	0.4	2	non
5	72	0.258502679	0	0	0	0.4	1	non
33	592	0.302027153	0.073863636	38.99999981	5	0.393939394	1	non
28	449	0.296639065	0.058201058	21.99999992	5	0.392857143	1	non
18	310	0.255855477	0.267973856	40.99999997	7	0.388888889	1	non
18	272	0.276112213	0.08496732	12.99999996	4	0.388888889	2	non
18	241	0.30436684	0.052287582	8.000000046	3	0.388888889	1	non
18	253	0.287484511	0.039215686	5.999999958	3	0.388888889	2	non
18	303	0.288266966	0.032679739	5.000000067	3	0.388888889	0	non
31	536	0.296512689	0.051612903	23.9999999	4	0.387096774	0	non
13	139	0.262048193	0.256410256	19.99999997	5	0.384615385	1	non
13	266	0.262358643	0.205128205	15.99999999	6	0.384615385	3	non
13	293	0.275316456	0.141025641	11	4	0.384615385	5	non
13	260	0.252043456	0.102564103	8.000000034	5	0.384615385	3	non
13	168	0.295990279	0.102564103	8.000000034	3	0.384615385	1	non
13	282	0.272544193	0.102564103	8.000000034	4	0.384615385	2	non
13	236	0.281358281	0.064102564	4.999999992	4	0.384615385	3	non
13	186	0.278814238	0.038461538	2.999999964	3	0.384615385	0	non
8	134	0.273186049	0.428571429	12.00000001	5	0.375	3	non
8	139	0.2417986	0.357142857	9.999999996	5	0.375	1	non
8	153	0.253670728	0.25	7	4	0.375	4	non
8	50	0.270426288	0.142857143	4.000000004	3	0.375	1	non
16	247	0.278431821	0.091666667	11.00000004	4	0.375	4	non
8	159	0.25686719	0.071428571	1.999999988	3	0.375	4	non
8	126	0.265793781	0.071428571	1.999999988	3	0.375	5	non
8	75	0.27832048	0.071428571	1.999999988	3	0.375	1	non
8	112	0.269201017	0.071428571	1.999999988	3	0.375	2	non
8	123	0.284479738	0.071428571	1.999999988	3	0.375	1	non
8	149	0.258681109	0.071428571	1.999999988	3	0.375	2	non
8	100	0.262189215	0.071428571	1.999999988	3	0.375	2	non
16	274	0.280985063	0.058333333	6.99999996	4	0.375	3	non
8	98	0.266302268	0.035714286	1.000000008	3	0.375	2	non
8	131	0.243709669	0.035714286	1.000000008	3	0.375	4	non
16	224	0.281862887	0.025	3	3	0.375	3	non
24	334	0.289655172	0.02173913	5.99999988	3	0.375	0	non
8	104	0.273984929	0	0	0	0.375	0	non
8	123	0.253248778	0	0	0	0.375	4	non
8	107	0.254745098	0	0	0	0.375	1	non
8	104	0.26349378	0	0	0	0.375	1	non
8	80	0.27243751	0	0	0	0.375	0	non
19	351	0.29322901	0.169590643	28.99999995	6	0.368421053	0	non
19	327	0.299207763	0.087719298	14.99999996	5	0.368421053	4	non
19	314	0.299538887	0.081871345	14	4	0.368421053	4	non
30	464	0.280177123	0.098850575	43.00000013	8	0.366666667	1	non
11	162	0.27953411	0.090909091	5.000000005	3	0.363636364	1	non
11	153	0.287773184	0.054545455	3.000000025	3	0.363636364	1	non
11	106	0.265504087	0.036363636	1.99999998	3	0.363636364	1	non
22	343	0.294273979	0.021645022	5.000000082	3	0.363636364	3	non
11	174	0.275581198	0.018181818	0.99999999	3	0.363636364	1	non
11	144	0.265200588	0	0	0	0.363636364	1	non
11	140	0.265996943	0	0	0	0.363636364	2	non
11	139	0.264509474	0	0	0	0.363636364	4	non
47	591	0.308510638	0.01480111	15.99999991	4	0.361702128	4	non
25	528	0.278702591	0.153333333	45.9999999	7	0.36	2	non
25	473	0.292718097	0.153333333	45.9999999	7	0.36	3	non
14	208	0.272467983	0.032967033	3.000000003	4	0.357142857	2	non
28	440	0.303249097	0.026455026	9.999999828	3	0.357142857	1	non
14	169	0.275674758	0.010989011	1.000000001	3	0.357142857	1	non
31	466	0.29384801	0.077419355	36.00000008	5	0.35483871	4	non
17	198	0.300314368	0.132352941	17.99999998	5	0.352941176	0	non
17	246	0.280306081	0.044117647	5.999999992	3	0.352941176	3	non
20	382	0.295954319	0.173684211	33.00000009	5	0.35	3	non
20	451	0.260534759	0.157894737	30.00000003	4	0.35	2	non
26	322	0.278384092	0.033846154	11.00000005	3	0.346153846	4	non
26	375	0.288933697	0.012307692	3.9999999	3	0.346153846	4	non
29	483	0.295828526	0.061576355	25.00000013	5	0.344827586	0	non
29	368	0.294362878	0.017241379	6.999999874	3	0.344827586	4	non
29	510	0.296386422	0.014778325	5.99999995	3	0.344827586	5	non
3	41	0.241666667	1	3	4	0.333333333	0	non
3	28	0.257084059	0.666666667	2.000000001	3	0.333333333	1	non
12	268	0.268933539	0.560606061	37.00000003	8	0.333333333	1	non
9	201	0.260242508	0.416666667	15.00000001	5	0.333333333	1	non
3	46	0.241942693	0.333333333	0.999999999	3	0.333333333	4	non
3	41	0.245564516	0.333333333	0.999999999	3	0.333333333	1	non
3	43	0.255105247	0.333333333	0.999999999	3	0.333333333	4	non
3	62	0.25135428	0.333333333	0.999999999	3	0.333333333	1	non
3	40	0.235532995	0.333333333	0.999999999	3	0.333333333	1	non
3	33	0.233725114	0.333333333	0.999999999	3	0.333333333	4	non
3	47	0.279069767	0.333333333	0.999999999	3	0.333333333	1	non
3	48	0.221233312	0.333333333	0.999999999	3	0.333333333	2	non
3	57	0.226036931	0.333333333	0.999999999	3	0.333333333	1	non
3	53	0.236092266	0.333333333	0.999999999	3	0.333333333	3	non
3	46	0.263322884	0.333333333	0.999999999	3	0.333333333	1	non
3	37	0.240035473	0.333333333	0.999999999	3	0.333333333	0	non
3	54	0.208045094	0.333333333	0.999999999	3	0.333333333	1	non
3	53	0.246172503	0.333333333	0.999999999	3	0.333333333	0	non
3	63	0.213843655	0.333333333	0.999999999	3	0.333333333	0	non
3	58	0.248254777	0.333333333	0.999999999	3	0.333333333	1	non
3	71	0.230463576	0.333333333	0.999999999	3	0.333333333	0	non
3	52	0.25803718	0.333333333	0.999999999	3	0.333333333	2	non
3	3	0.245329573	0.333333333	0.999999999	3	0.333333333	0	non
3	3	0.272148363	0.333333333	0.999999999	3	0.333333333	0	non
3	12	0.243929305	0.333333333	0.999999999	3	0.333333333	0	non
3	48	0.251626898	0.333333333	0.999999999	3	0.333333333	2	non
6	79	0.248698315	0.333333333	4.999999995	4	0.333333333	2	non
3	26	0.238577934	0.333333333	0.999999999	3	0.333333333	2	non
3	34	0.225890208	0.333333333	0.999999999	3	0.333333333	2	non
3	35	0.238053357	0.333333333	0.999999999	3	0.333333333	0	non
3	3	0.280451301	0.333333333	0.999999999	3	0.333333333	0	non
3	22	0.241642694	0.333333333	0.999999999	3	0.333333333	2	non
3	36	0.251069312	0.333333333	0.999999999	3	0.333333333	4	non
3	40	0.242376001	0.333333333	0.999999999	3	0.333333333	2	non
3	30	0.263280195	0.333333333	0.999999999	3	0.333333333	1	non
3	44	0.227769986	0.333333333	0.999999999	3	0.333333333	0	non
3	44	0.236390102	0.333333333	0.999999999	3	0.333333333	2	non
12	156	0.252998909	0.333333333	21.99999998	5	0.333333333	2	non
3	29	0.258983627	0.333333333	0.999999999	3	0.333333333	1	non
3	41	0.234275822	0.333333333	0.999999999	3	0.333333333	0	non
3	55	0.223076923	0.333333333	0.999999999	3	0.333333333	1	non
3	47	0.24249664	0.333333333	0.999999999	3	0.333333333	1	non
3	55	0.243868255	0.333333333	0.999999999	3	0.333333333	2	non
27	395	0.280968858	0.307692308	108.0000001	7	0.333333333	1	non
12	246	0.263451036	0.287878788	19.00000001	6	0.333333333	2	non
6	105	0.27148111	0.266666667	4.000000005	3	0.333333333	4	non
12	213	0.265373931	0.227272727	14.99999998	5	0.333333333	2	non
6	102	0.256799494	0.2	3	3	0.333333333	5	non
6	79	0.27565916	0.2	3	3	0.333333333	2	non
6	123	0.238018467	0.2	3	3	0.333333333	3	non
6	104	0.246858533	0.2	3	4	0.333333333	3	non
9	158	0.264984227	0.194444444	6.999999984	5	0.333333333	3	non
6	82	0.244222768	0.133333333	1.999999995	3	0.333333333	0	non
6	120	0.247146553	0.133333333	1.999999995	3	0.333333333	5	non
6	79	0.275783992	0.133333333	1.999999995	3	0.333333333	0	non
6	97	0.27309417	0.133333333	1.999999995	3	0.333333333	5	non
6	89	0.269573397	0.133333333	1.999999995	3	0.333333333	2	non
6	107	0.246073034	0.133333333	1.999999995	3	0.333333333	4	non
6	95	0.256989134	0.133333333	1.999999995	3	0.333333333	3	non
6	83	0.25648855	0.133333333	1.999999995	3	0.333333333	2	non
12	207	0.273661742	0.121212121	7.999999986	4	0.333333333	4	non
9	107	0.277464548	0.111111111	3.999999996	4	0.333333333	0	non
12	200	0.27108836	0.106060606	6.999999996	4	0.333333333	1	non
15	272	0.292507205	0.104761905	11.00000003	4	0.333333333	4	non
15	238	0.271571906	0.095238095	9.999999975	4	0.333333333	1	non
15	176	0.282156715	0.085714286	9.00000003	3	0.333333333	0	non
9	149	0.268326265	0.083333333	2.999999988	3	0.333333333	2	non
9	151	0.279053783	0.083333333	2.999999988	3	0.333333333	2	non
15	290	0.257791418	0.076190476	7.99999998	4	0.333333333	4	non
6	104	0.250411184	0.066666667	1.000000005	3	0.333333333	3	non
6	95	0.25623225	0.066666667	1.000000005	3	0.333333333	5	non
6	71	0.260284218	0.066666667	1.000000005	3	0.333333333	4	non
6	73	0.258749801	0.066666667	1.000000005	3	0.333333333	0	non
6	99	0.246197382	0.066666667	1.000000005	3	0.333333333	2	non
6	101	0.249679701	0.066666667	1.000000005	3	0.333333333	0	non
6	66	0.25764146	0.066666667	1.000000005	3	0.333333333	2	non
6	83	0.255372681	0.066666667	1.000000005	3	0.333333333	3	non
36	629	0.298914044	0.063492063	39.99999969	5	0.333333333	4	non
21	291	0.290069064	0.061904762	13.00000002	5	0.333333333	4	non
45	693	0.302514747	0.061616162	61.00000038	9	0.333333333	5	non
21	292	0.257246951	0.052380952	10.99999992	4	0.333333333	1	non
18	273	0.285045635	0.052287582	8.000000046	4	0.333333333	5	non
57	918	0.317022384	0.049498747	79.00000021	5	0.333333333	5	non
15	218	0.279903482	0.047619048	5.00000004	3	0.333333333	4	non
12	165	0.273569543	0.045454545	2.99999997	3	0.333333333	2	non
27	427	0.300129366	0.037037037	12.99999999	4	0.333333333	3	non
15	234	0.287010309	0.028571429	3.000000045	3	0.333333333	1	non
9	118	0.269260528	0.027777778	1.000000008	3	0.333333333	3	non
9	125	0.276660988	0.027777778	1.000000008	3	0.333333333	3	non
9	124	0.266666667	0.027777778	1.000000008	3	0.333333333	2	non
9	156	0.267707017	0.027777778	1.000000008	3	0.333333333	3	non
9	55	0.295308522	0.027777778	1.000000008	3	0.333333333	1	non
15	136	0.271920522	0.019047619	1.999999995	3	0.333333333	3	non
39	590	0.298346601	0.01754386	13.00000026	3	0.333333333	3	non
69	825	0.324151697	0.015771526	37	3	0.333333333	2	non
15	238	0.27617482	0.00952381	1.00000005	3	0.333333333	0	non
15	238	0.2784	0.00952381	1.00000005	3	0.333333333	0	non
24	292	0.276394168	0.007246377	2.000000052	3	0.333333333	5	non
6	98	0.259576962	0	0	0	0.333333333	2	non
3	57	0.221797323	0	0	0	0.333333333	5	non
3	31	0.263907697	0	0	0	0.333333333	4	non
3	12	0.248609481	0	0	0	0.333333333	0	non
3	34	0.238636364	0	0	0	0.333333333	1	non
3	3	0.242750374	0	0	0	0.333333333	0	non
6	98	0.262613195	0	0	0	0.333333333	3	non
3	3	0.267574692	0	0	0	0.333333333	0	non
9	107	0.268622154	0	0	0	0.333333333	5	non
3	22	0.216312214	0	0	0	0.333333333	1	non
3	26	0.247058824	0	0	0	0.333333333	3	non
3	48	0.253104057	0	0	0	0.333333333	3	non
3	33	0.221807421	0	0	0	0.333333333	2	non
3	50	0.260771825	0	0	0	0.333333333	0	non
3	28	0.231086657	0	0	0	0.333333333	0	non
3	12	0.269082072	0	0	0	0.333333333	0	non
3	39	0.246783507	0	0	0	0.333333333	3	non
3	29	0.228882834	0	0	0	0.333333333	1	non
3	37	0.236057949	0	0	0	0.333333333	1	non
3	30	0.230966152	0	0	0	0.333333333	0	non
3	3	0.232720325	0	0	0	0.333333333	0	non
3	50	0.238484507	0	0	0	0.333333333	0	non
3	51	0.23229867	0	0	0	0.333333333	3	non
6	79	0.261009322	0	0	0	0.333333333	1	non
3	19	0.236504854	0	0	0	0.333333333	1	non
3	36	0.217665192	0	0	0	0.333333333	3	non
3	33	0.221736756	0	0	0	0.333333333	2	non
6	96	0.275565611	0	0	0	0.333333333	4	non
3	64	0.259812287	0	0	0	0.333333333	1	non
3	50	0.220024387	0	0	0	0.333333333	5	non
3	25	0.232553699	0	0	0	0.333333333	5	non
3	32	0.257996187	0	0	0	0.333333333	5	non
6	79	0.254279749	0	0	0	0.333333333	3	non
3	26	0.255279015	0	0	0	0.333333333	1	non
3	16	0.2273979	0	0	0	0.333333333	1	non
3	23	0.214994925	0	0	0	0.333333333	0	non
3	21	0.243393116	0	0	0	0.333333333	3	non
3	32	0.263721988	0	0	0	0.333333333	0	non
3	31	0.267780587	0	0	0	0.333333333	0	non
3	19	0.284263959	0	0	0	0.333333333	1	non
3	33	0.268518519	0	0	0	0.333333333	3	non
3	16	0.234523924	0	0	0	0.333333333	4	non
3	13	0.245700741	0	0	0	0.333333333	0	non
3	32	0.227546588	0	0	0	0.333333333	0	non
6	79	0.241367352	0	0	0	0.333333333	4	non
3	38	0.259881581	0	0	0	0.333333333	2	non
3	36	0.230670896	0	0	0	0.333333333	3	non
6	49	0.245082751	0	0	0	0.333333333	0	non
3	30	0.234242031	0	0	0	0.333333333	4	non
3	56	0.245378998	0	0	0	0.333333333	1	non
3	28	0.214408309	0	0	0	0.333333333	3	non
3	21	0.232221163	0	0	0	0.333333333	2	non
3	12	0.246583662	0	0	0	0.333333333	1	non
3	42	0.211504233	0	0	0	0.333333333	3	non
3	52	0.23898754	0	0	0	0.333333333	2	non
3	42	0.23898754	0	0	0	0.333333333	1	non
3	29	0.221424351	0	0	0	0.333333333	1	non
3	52	0.260075802	0	0	0	0.333333333	4	non
3	45	0.228239483	0	0	0	0.333333333	0	non
3	51	0.233031999	0	0	0	0.333333333	4	non
3	27	0.269260528	0	0	0	0.333333333	0	non
3	44	0.226625733	0	0	0	0.333333333	1	non
6	64	0.256340103	0	0	0	0.333333333	1	non
3	12	0.250488432	0	0	0	0.333333333	1	non
3	32	0.231284121	0	0	0	0.333333333	1	non
3	12	0.227578475	0	0	0	0.333333333	0	non
3	44	0.247196712	0	0	0	0.333333333	1	non
3	3	0.260729958	0	0	0	0.333333333	0	non
3	12	0.248508034	0	0	0	0.333333333	0	non
3	3	0.23671169	0	0	0	0.333333333	0	non
3	26	0.240937639	0	0	0	0.333333333	2	non
3	40	0.22747222	0	0	0	0.333333333	1	non
3	58	0.249820531	0	0	0	0.333333333	0	non
3	3	0.266681263	0	0	0	0.333333333	0	non
3	56	0.265953382	0	0	0	0.333333333	0	non
3	63	0.257287706	0	0	0	0.333333333	5	non
3	50	0.242847174	0	0	0	0.333333333	1	non
3	25	0.265446224	0	0	0	0.333333333	0	non
3	41	0.243150172	0	0	0	0.333333333	2	non
3	36	0.249321938	0	0	0	0.333333333	1	non
3	43	0.255587032	0	0	0	0.333333333	5	non
3	39	0.234636872	0	0	0	0.333333333	0	non
3	36	0.254585358	0	0	0	0.333333333	1	non
3	37	0.241726619	0	0	0	0.333333333	1	non
6	83	0.281049899	0	0	0	0.333333333	5	non
3	25	0.21402214	0	0	0	0.333333333	1	non
3	3	0.255238894	0	0	0	0.333333333	0	non
3	31	0.222781106	0	0	0	0.333333333	0	non
3	29	0.247573556	0	0	0	0.333333333	1	non
3	3	0.248368679	0	0	0	0.333333333	0	non
3	44	0.247649062	0	0	0	0.333333333	3	non
3	3	0.220352782	0	0	0	0.333333333	0	non
3	18	0.249232658	0	0	0	0.333333333	1	non
3	44	0.258214967	0	0	0	0.333333333	2	non
6	63	0.248077804	0	0	0	0.333333333	5	non
3	38	0.24368529	0	0	0	0.333333333	1	non
3	52	0.211862933	0	0	0	0.333333333	0	non
3	37	0.241750608	0	0	0	0.333333333	3	non
3	28	0.23436598	0	0	0	0.333333333	4	non
3	61	0.264065041	0	0	0	0.333333333	1	non
3	42	0.259923175	0	0	0	0.333333333	1	non
3	50	0.256934922	0	0	0	0.333333333	2	non
3	36	0.239222233	0	0	0	0.333333333	1	non
3	37	0.252160861	0	0	0	0.333333333	0	non
3	32	0.244406542	0	0	0	0.333333333	1	non
6	79	0.24083045	0	0	0	0.333333333	4	non
3	39	0.230747371	0	0	0	0.333333333	1	non
3	26	0.242159153	0	0	0	0.333333333	0	non
3	41	0.239198743	0	0	0	0.333333333	1	non
3	46	0.258338194	0	0	0	0.333333333	2	non
3	12	0.235852253	0	0	0	0.333333333	0	non
6	87	0.284297135	0	0	0	0.333333333	3	non
3	25	0.250746269	0	0	0	0.333333333	1	non
3	37	0.245886747	0	0	0	0.333333333	3	non
3	37	0.255868914	0	0	0	0.333333333	3	non
3	57	0.237438472	0	0	0	0.333333333	0	non
3	30	0.267662894	0	0	0	0.333333333	5	non
3	37	0.232876058	0	0	0	0.333333333	2	non
3	39	0.245675962	0	0	0	0.333333333	0	non
3	38	0.239858212	0	0	0	0.333333333	0	non
3	39	0.261401438	0	0	0	0.333333333	2	non
3	26	0.229173527	0	0	0	0.333333333	0	non
6	82	0.242859279	0	0	0	0.333333333	4	non
3	35	0.252985772	0	0	0	0.333333333	2	non
3	32	0.258488964	0	0	0	0.333333333	1	non
9	99	0.272407045	0	0	0	0.333333333	2	non
3	55	0.215785278	0	0	0	0.333333333	5	non
3	39	0.259715337	0	0	0	0.333333333	4	non
3	42	0.226120858	0	0	0	0.333333333	1	non
3	32	0.240687679	0	0	0	0.333333333	1	non
3	36	0.222272914	0	0	0	0.333333333	0	non
3	30	0.236780715	0	0	0	0.333333333	3	non
3	30	0.226278389	0	0	0	0.333333333	2	non
3	34	0.262273902	0	0	0	0.333333333	3	non
3	38	0.264007803	0	0	0	0.333333333	2	non
3	12	0.259342063	0	0	0	0.333333333	1	non
3	17	0.237600585	0	0	0	0.333333333	1	non
3	45	0.24577511	0	0	0	0.333333333	1	non
3	32	0.277939415	0	0	0	0.333333333	3	non
3	36	0.232033148	0	0	0	0.333333333	1	non
3	39	0.250733364	0	0	0	0.333333333	3	non
3	20	0.234467491	0	0	0	0.333333333	0	non
3	32	0.2489652	0	0	0	0.333333333	1	non
3	12	0.253051472	0	0	0	0.333333333	0	non
3	47	0.241427156	0	0	0	0.333333333	1	non
3	40	0.229843846	0	0	0	0.333333333	1	non
3	3	0.270591502	0	0	0	0.333333333	0	non
3	32	0.226141849	0	0	0	0.333333333	4	non
3	45	0.264294239	0	0	0	0.333333333	0	non
3	51	0.212148922	0	0	0	0.333333333	2	non
3	24	0.253683936	0	0	0	0.333333333	1	non
3	36	0.249730893	0	0	0	0.333333333	3	non
3	34	0.251626898	0	0	0	0.333333333	0	non
3	42	0.237149533	0	0	0	0.333333333	0	non
3	18	0.221072693	0	0	0	0.333333333	0	non
6	81	0.274185379	0	0	0	0.333333333	0	non
3	12	0.275300898	0	0	0	0.333333333	0	non
3	18	0.254200146	0	0	0	0.333333333	4	non
3	36	0.240378922	0	0	0	0.333333333	1	non
3	49	0.241534877	0	0	0	0.333333333	0	non
3	39	0.268193328	0	0	0	0.333333333	2	non
3	32	0.225503356	0	0	0	0.333333333	1	non
6	71	0.272452746	0	0	0	0.333333333	0	non
3	31	0.228036508	0	0	0	0.333333333	1	non
3	37	0.23187854	0	0	0	0.333333333	3	non
3	46	0.262556585	0	0	0	0.333333333	0	non
3	28	0.257736867	0	0	0	0.333333333	0	non
3	17	0.284297135	0	0	0	0.333333333	2	non
3	55	0.250424056	0	0	0	0.333333333	3	non
3	54	0.250810811	0	0	0	0.333333333	1	non
6	39	0.257532509	0	0	0	0.333333333	1	non
3	41	0.23040908	0	0	0	0.333333333	0	non
3	3	0.265822785	0	0	0	0.333333333	0	non
3	43	0.24504577	0	0	0	0.333333333	4	non
3	47	0.246346766	0	0	0	0.333333333	3	non
3	12	0.247096414	0	0	0	0.333333333	1	non
3	41	0.248128342	0	0	0	0.333333333	0	non
3	55	0.228614331	0	0	0	0.333333333	3	non
74	1154	0.318952537	0.022584228	60.99999983	5	0.324324324	5	non
22	489	0.279437912	0.082251082	18.99999994	4	0.318181818	4	non
22	318	0.28728109	0.03030303	6.99999993	3	0.318181818	2	non
19	318	0.269991687	0.087719298	14.99999996	4	0.315789474	0	non
19	237	0.291230797	0.052631579	9.000000009	3	0.315789474	1	non
38	540	0.298182263	0.021337127	15.00000028	4	0.315789474	4	non
19	227	0.273523467	0	0	0	0.315789474	2	non
16	249	0.265837289	0.133333333	15.99999996	4	0.3125	3	non
16	253	0.26488338	0.033333333	3.99999996	4	0.3125	5	non
48	654	0.299152646	0.028368794	31.99999963	6	0.3125	4	non
29	118	0.301896146	0.004926108	1.999999848	3	0.310344828	4	non
42	678	0.297708524	0.011614402	10.00000012	4	0.30952381	3	non
55	746	0.296801706	0.018855219	28.00000022	5	0.309090909	5	non
13	245	0.274247115	0.384615385	30.00000003	6	0.307692308	4	non
13	272	0.259024935	0.307692308	24.00000002	5	0.307692308	1	non
13	236	0.283239347	0.243589744	19.00000003	5	0.307692308	2	non
13	148	0.258447828	0.205128205	15.99999999	3	0.307692308	0	non
13	244	0.274850502	0.153846154	12.00000001	5	0.307692308	1	non
13	217	0.267193156	0.051282051	3.999999978	3	0.307692308	0	non
13	152	0.271254385	0.012820513	1.000000014	3	0.307692308	0	non
13	184	0.265909835	0	0	0	0.307692308	1	non
72	992	0.318493822	0.02856025	72.999999	5	0.305555556	2	non
23	343	0.283272283	0.04743083	11.99999999	5	0.304347826	0	non
10	201	0.24147502	0.288888889	13.00000001	5	0.3	1	non
10	187	0.264552563	0.244444444	10.99999998	4	0.3	1	non
20	389	0.275862069	0.215789474	41.00000006	6	0.3	3	non
10	174	0.252959502	0.177777778	8.00000001	4	0.3	1	non
10	116	0.272864744	0.133333333	5.999999985	4	0.3	0	non
10	141	0.279421886	0.111111111	4.999999995	4	0.3	2	non
10	152	0.266666667	0.088888889	4.000000005	4	0.3	2	non
10	196	0.257342066	0.088888889	4.000000005	4	0.3	5	non
20	380	0.267913115	0.052631579	10.00000001	3	0.3	3	non
10	90	0.283833382	0.044444444	1.99999998	3	0.3	3	non
10	141	0.254478976	0.044444444	1.99999998	3	0.3	1	non
30	456	0.30024034	0.029885057	12.9999998	5	0.3	4	non
10	156	0.259923175	0.022222222	0.99999999	3	0.3	2	non
10	125	0.258942333	0.022222222	0.99999999	3	0.3	4	non
10	104	0.246508804	0	0	0	0.3	2	non
10	136	0.28254944	0	0	0	0.3	3	non
64	953	0.314424008	0.008928571	17.99999914	3	0.296875	2	non
17	370	0.279213709	0.242647059	33.00000002	5	0.294117647	3	non
17	238	0.288848046	0.036764706	5.000000016	3	0.294117647	0	non
17	179	0.295040271	0.014705882	1.999999952	3	0.294117647	0	non
17	222	0.284928943	0.014705882	1.999999952	3	0.294117647	0	non
24	420	0.292647765	0.152173913	41.99999999	5	0.291666667	4	non
31	329	0.300129366	0.064516129	29.99999999	3	0.290322581	1	non
7	161	0.254705144	0.285714286	6.000000006	4	0.285714286	4	non
7	130	0.248838041	0.238095238	4.999999998	4	0.285714286	3	non
7	167	0.271360143	0.19047619	3.99999999	3	0.285714286	5	non
14	157	0.25942492	0.164835165	15.00000002	4	0.285714286	0	non
14	249	0.272544193	0.120879121	11.00000001	5	0.285714286	4	non
14	209	0.27878233	0.098901099	9.000000009	4	0.285714286	0	non
7	91	0.270666667	0.095238095	1.999999995	3	0.285714286	2	non
7	56	0.268933539	0.095238095	1.999999995	3	0.285714286	1	non
14	207	0.267839472	0.076923077	7.000000007	4	0.285714286	4	non
21	373	0.280742192	0.057142857	11.99999997	4	0.285714286	0	non
21	399	0.282926829	0.057142857	11.99999997	4	0.285714286	5	non
7	105	0.28986197	0.047619048	1.000000008	3	0.285714286	4	non
7	131	0.238472834	0.047619048	1.000000008	3	0.285714286	1	non
7	119	0.270546424	0.047619048	1.000000008	3	0.285714286	3	non
7	102	0.235385061	0.047619048	1.000000008	3	0.285714286	1	non
14	180	0.2676776	0.032967033	3.000000003	3	0.285714286	2	non
35	389	0.293123157	0.011764706	7.00000007	3	0.285714286	2	non
14	160	0.291684129	0.010989011	1.000000001	3	0.285714286	1	non
7	68	0.257165479	0	0	0	0.285714286	4	non
7	25	0.246858533	0	0	0	0.285714286	0	non
7	106	0.268370607	0	0	0	0.285714286	1	non
7	102	0.258736059	0	0	0	0.285714286	1	non
14	225	0.280016093	0	0	0	0.285714286	5	non
7	46	0.229735465	0	0	0	0.285714286	1	non
7	105	0.2560841	0	0	0	0.285714286	2	non
7	70	0.258901052	0	0	0	0.285714286	1	non
7	65	0.258887295	0	0	0	0.285714286	1	non
7	107	0.261541765	0	0	0	0.285714286	3	non
7	70	0.261009322	0	0	0	0.285714286	5	non
7	89	0.273446708	0	0	0	0.285714286	0	non
7	98	0.255319149	0	0	0	0.285714286	2	non
57	819	0.314993211	0.031328321	50.00000032	8	0.280701754	3	non
25	317	0.286369247	0.036666667	11.0000001	4	0.28	3	non
18	251	0.262175106	0.202614379	30.99999999	4	0.277777778	4	non
18	291	0.257900588	0.065359477	9.999999981	3	0.277777778	4	non
18	267	0.284562818	0.052287582	8.000000046	3	0.277777778	4	non
29	489	0.306338028	0.036945813	15.00000008	4	0.275862069	4	non
11	190	0.260855598	0.218181818	11.99999999	6	0.272727273	3	non
11	206	0.27545655	0.145454545	7.999999975	5	0.272727273	1	non
11	168	0.253235615	0.109090909	5.999999995	4	0.272727273	3	non
11	204	0.253604706	0.072727273	4.000000015	4	0.272727273	5	non
11	151	0.277955272	0.072727273	4.000000015	3	0.272727273	2	non
11	108	0.287501475	0.018181818	0.99999999	3	0.272727273	0	non
11	149	0.255386067	0.018181818	0.99999999	3	0.272727273	4	non
11	139	0.274339771	0.018181818	0.99999999	3	0.272727273	2	non
11	70	0.2489652	0	0	0	0.272727273	1	non
11	108	0.252841351	0	0	0	0.272727273	1	non
15	332	0.282598608	0.180952381	19.00000001	5	0.266666667	0	non
45	672	0.285496631	0.167676768	166.0000003	7	0.266666667	4	non
15	244	0.279710644	0.133333333	13.99999997	4	0.266666667	4	non
15	299	0.285848392	0.133333333	13.99999997	5	0.266666667	5	non
15	189	0.28333818	0.047619048	5.00000004	3	0.266666667	0	non
30	436	0.30511022	0.03908046	17.0000001	6	0.266666667	5	non
15	259	0.276268784	0.038095238	3.99999999	3	0.266666667	0	non
19	241	0.265648855	0.210526316	36.00000004	5	0.263157895	0	non
23	246	0.280709841	0	0	0	0.260869565	2	non
27	425	0.292366779	0.037037037	12.99999999	4	0.259259259	2	non
31	613	0.294594268	0.047311828	22.00000002	5	0.258064516	5	non
4	93	0.237728116	0.666666667	4.000000002	4	0.25	3	non
4	81	0.214578287	0.666666667	4.000000002	4	0.25	4	non
4	67	0.237357498	0.5	3	4	0.25	3	non
4	64	0.244222768	0.5	3	4	0.25	0	non
4	84	0.236218182	0.5	3	3	0.25	2	non
4	82	0.243466094	0.5	3	3	0.25	3	non
4	40	0.227504086	0.5	3	4	0.25	0	non
8	109	0.253209293	0.392857143	11	4	0.25	1	non
4	57	0.266011466	0.333333333	1.999999998	3	0.25	1	non
4	58	0.228292957	0.333333333	1.999999998	3	0.25	1	non
4	79	0.25257919	0.333333333	1.999999998	3	0.25	2	non
4	63	0.238216311	0.333333333	1.999999998	3	0.25	1	non
4	68	0.260883534	0.333333333	1.999999998	3	0.25	0	non
4	46	0.264955406	0.333333333	1.999999998	3	0.25	1	non
4	57	0.243393116	0.333333333	1.999999998	3	0.25	0	non
4	60	0.265851795	0.333333333	1.999999998	3	0.25	1	non
28	354	0.273048254	0.298941799	113	7	0.25	3	non
16	194	0.25872232	0.275	33	5	0.25	2	non
8	83	0.270847231	0.25	7	4	0.25	1	non
8	161	0.274324324	0.25	7	5	0.25	1	non
8	75	0.263607835	0.25	7	4	0.25	2	non
24	286	0.275083282	0.246376812	68.00000011	6	0.25	1	non
8	82	0.246596143	0.214285714	5.999999992	4	0.25	2	non
4	27	0.253209293	0.166666667	1.000000002	3	0.25	1	non
4	85	0.261219238	0.166666667	1.000000002	3	0.25	4	non
4	55	0.244504667	0.166666667	1.000000002	3	0.25	3	non
4	56	0.26349378	0.166666667	1.000000002	3	0.25	2	non
4	48	0.264193916	0.166666667	1.000000002	3	0.25	1	non
4	54	0.255011777	0.166666667	1.000000002	3	0.25	2	non
4	70	0.235089751	0.166666667	1.000000002	3	0.25	0	non
4	70	0.232033148	0.166666667	1.000000002	3	0.25	0	non
4	41	0.262429302	0.166666667	1.000000002	3	0.25	2	non
4	48	0.25363111	0.166666667	1.000000002	3	0.25	3	non
4	66	0.25153596	0.166666667	1.000000002	3	0.25	3	non
4	49	0.270471326	0.166666667	1.000000002	3	0.25	0	non
4	56	0.247510669	0.166666667	1.000000002	3	0.25	2	non
4	41	0.222425128	0.166666667	1.000000002	3	0.25	0	non
4	57	0.252422154	0.166666667	1.000000002	3	0.25	3	non
4	40	0.272346134	0.166666667	1.000000002	3	0.25	2	non
4	27	0.282467532	0.166666667	1.000000002	3	0.25	0	non
4	26	0.245317221	0.166666667	1.000000002	3	0.25	2	non
4	65	0.246921089	0.166666667	1.000000002	3	0.25	0	non
4	56	0.271390374	0.166666667	1.000000002	3	0.25	1	non
4	57	0.242351888	0.166666667	1.000000002	3	0.25	3	non
4	72	0.247134016	0.166666667	1.000000002	3	0.25	3	non
4	65	0.239175258	0.166666667	1.000000002	3	0.25	2	non
36	439	0.298164015	0.155555556	98.00000028	5	0.25	2	non
12	173	0.258914811	0.151515152	10.00000003	4	0.25	5	non
8	150	0.238461162	0.142857143	4.000000004	4	0.25	2	non
8	145	0.279502037	0.142857143	4.000000004	3	0.25	0	non
8	138	0.283173496	0.107142857	2.999999996	3	0.25	0	non
8	107	0.279694586	0.107142857	2.999999996	3	0.25	2	non
16	303	0.294612082	0.1	12	4	0.25	1	non
20	263	0.295918367	0.1	19	5	0.25	3	non
12	128	0.277891855	0.075757576	5.000000016	4	0.25	2	non
8	107	0.249615739	0.071428571	1.999999988	3	0.25	1	non
8	120	0.280806916	0.071428571	1.999999988	3	0.25	2	non
8	108	0.285747801	0.071428571	1.999999988	3	0.25	4	non
8	104	0.259135152	0.071428571	1.999999988	3	0.25	2	non
16	250	0.287518442	0.066666667	8.00000004	4	0.25	2	non
12	136	0.288540124	0.060606061	4.000000026	3	0.25	5	non
12	116	0.272528948	0.045454545	2.99999997	3	0.25	0	non
28	466	0.274277994	0.03968254	15.00000012	5	0.25	0	non
8	133	0.251965246	0.035714286	1.000000008	3	0.25	0	non
8	120	0.263721988	0.035714286	1.000000008	3	0.25	1	non
8	133	0.268444542	0.035714286	1.000000008	3	0.25	3	non
8	96	0.2489652	0.035714286	1.000000008	3	0.25	2	non
8	118	0.246135192	0.035714286	1.000000008	3	0.25	1	non
12	222	0.270726828	0.03030303	1.99999998	3	0.25	1	non
12	152	0.289139466	0.03030303	1.99999998	3	0.25	5	non
68	931	0.312227634	0.007901668	17.9999997	4	0.25	5	non
8	114	0.260423348	0	0	0	0.25	1	non
12	159	0.282746213	0	0	0	0.25	0	non
4	36	0.24552739	0	0	0	0.25	0	non
4	60	0.233378042	0	0	0	0.25	0	non
4	55	0.243150172	0	0	0	0.25	3	non
4	54	0.240082787	0	0	0	0.25	4	non
4	61	0.259563133	0	0	0	0.25	1	non
4	56	0.242183228	0	0	0	0.25	1	non
4	27	0.261009322	0	0	0	0.25	2	non
4	54	0.255185418	0	0	0	0.25	0	non
4	66	0.236815243	0	0	0	0.25	4	non
4	60	0.246296952	0	0	0	0.25	2	non
4	47	0.249705294	0	0	0	0.25	1	non
4	40	0.231262164	0	0	0	0.25	5	non
4	59	0.265359477	0	0	0	0.25	1	non
4	61	0.257764139	0	0	0	0.25	1	non
4	80	0.24795155	0	0	0	0.25	2	non
4	72	0.24329588	0	0	0	0.25	3	non
4	69	0.246646079	0	0	0	0.25	4	non
4	70	0.250759174	0	0	0	0.25	1	non
4	47	0.243101642	0	0	0	0.25	0	non
4	32	0.212241342	0	0	0	0.25	1	non
4	16	0.268562924	0	0	0	0.25	3	non
4	44	0.244198286	0	0	0	0.25	1	non
4	84	0.246483861	0	0	0	0.25	1	non
4	47	0.252972636	0	0	0	0.25	0	non
4	64	0.243453928	0	0	0	0.25	2	non
8	110	0.247724615	0	0	0	0.25	0	non
4	42	0.257097625	0	0	0	0.25	0	non
4	4	0.241534877	0	0	0	0.25	0	non
4	50	0.272133162	0	0	0	0.25	2	non
4	55	0.265619889	0	0	0	0.25	1	non
4	61	0.247134016	0	0	0	0.25	0	non
8	120	0.282844702	0	0	0	0.25	1	non
4	47	0.244075948	0	0	0	0.25	5	non
4	46	0.250398314	0	0	0	0.25	1	non
4	51	0.274695535	0	0	0	0.25	0	non
4	58	0.249526248	0	0	0	0.25	4	non
4	66	0.25742365	0	0	0	0.25	2	non
4	45	0.258091858	0	0	0	0.25	1	non
8	126	0.264466399	0	0	0	0.25	0	non
4	49	0.248596796	0	0	0	0.25	3	non
4	47	0.274803993	0	0	0	0.25	1	non
4	55	0.244824121	0	0	0	0.25	3	non
4	16	0.237531081	0	0	0	0.25	0	non
4	45	0.250243978	0	0	0	0.25	4	non
4	71	0.233110048	0	0	0	0.25	1	non
4	43	0.246896062	0	0	0	0.25	1	non
4	63	0.266915028	0	0	0	0.25	3	non
4	47	0.24552739	0	0	0	0.25	3	non
4	61	0.239375031	0	0	0	0.25	1	non
4	68	0.224941133	0	0	0	0.25	5	non
4	65	0.253064617	0	0	0	0.25	0	non
4	54	0.262641509	0	0	0	0.25	0	non
4	56	0.242641566	0	0	0	0.25	0	non
4	54	0.281277063	0	0	0	0.25	0	non
4	54	0.238835237	0	0	0	0.25	1	non
4	46	0.237658537	0	0	0	0.25	0	non
4	56	0.235624123	0	0	0	0.25	2	non
4	4	0.259950912	0	0	0	0.25	0	non
4	53	0.229205871	0	0	0	0.25	0	non
4	28	0.213918771	0	0	0	0.25	4	non
4	44	0.226805084	0	0	0	0.25	1	non
4	54	0.251497006	0	0	0	0.25	1	non
4	57	0.247926314	0	0	0	0.25	3	non
4	45	0.272102765	0	0	0	0.25	0	non
4	32	0.243612181	0	0	0	0.25	2	non
4	81	0.253182976	0	0	0	0.25	4	non
4	51	0.249347459	0	0	0	0.25	2	non
4	4	0.239175258	0	0	0	0.25	0	non
8	52	0.254705144	0	0	0	0.25	2	non
4	58	0.253948397	0	0	0	0.25	0	non
4	51	0.254359403	0	0	0	0.25	1	non
4	60	0.234682081	0	0	0	0.25	0	non
4	45	0.248406669	0	0	0	0.25	2	non
4	29	0.265431762	0	0	0	0.25	2	non
4	44	0.256380571	0	0	0	0.25	0	non
4	29	0.253222453	0	0	0	0.25	0	non
4	50	0.244480128	0	0	0	0.25	4	non
4	34	0.233983287	0	0	0	0.25	4	non
4	41	0.215603841	0	0	0	0.25	0	non
4	49	0.242956166	0	0	0	0.25	3	non
4	42	0.270351257	0	0	0	0.25	1	non
8	98	0.249807722	0	0	0	0.25	4	non
4	47	0.224972294	0	0	0	0.25	1	non
4	4	0.277765108	0	0	0	0.25	0	non
4	46	0.261471583	0	0	0	0.25	0	non
25	340	0.28248391	0.133333333	39.9999999	6	0.24	3	non
21	289	0.288848046	0.166666667	35.00000007	4	0.238095238	2	non
21	305	0.284048507	0.014285714	2.99999994	4	0.238095238	1	non
38	517	0.273969521	0.13940256	97.99999968	6	0.236842105	5	non
17	187	0.297472219	0.073529412	10.00000003	5	0.235294118	5	non
17	264	0.277670124	0.044117647	5.999999992	3	0.235294118	0	non
34	570	0.288540124	0.035650624	20.00000006	4	0.235294118	2	non
30	294	0.300499599	0.018390805	8.000000175	3	0.233333333	1	non
13	231	0.263907697	0.243589744	19.00000003	4	0.230769231	1	non
13	245	0.280985063	0.217948718	17	4	0.230769231	1	non
13	214	0.263622098	0.128205128	9.999999984	5	0.230769231	2	non
13	49	0.277054308	0.076923077	6.000000006	3	0.230769231	3	non
13	173	0.289122307	0.038461538	2.999999964	3	0.230769231	1	non
13	189	0.280144903	0.038461538	2.999999964	3	0.230769231	3	non
13	198	0.272087568	0.038461538	2.999999964	3	0.230769231	1	non
13	130	0.281098546	0.012820513	1.000000014	3	0.230769231	2	non
13	154	0.273754003	0.012820513	1.000000014	3	0.230769231	3	non
44	493	0.278479566	0.301268499	285.0000001	7	0.227272727	1	non
22	283	0.260409429	0.242424242	55.9999999	5	0.227272727	1	non
31	401	0.28371768	0.262365591	121.9999998	7	0.225806452	0	non
31	423	0.289879217	0.015053763	6.999999795	3	0.225806452	1	non
40	340	0.290883038	0.003846154	3.00000012	3	0.225	1	non
9	229	0.251848023	0.638888889	23	6	0.222222222	5	non
9	178	0.259549305	0.305555556	11.00000002	6	0.222222222	3	non
9	156	0.23397205	0.25	9	5	0.222222222	3	non
27	326	0.270051549	0.173789174	61.00000007	6	0.222222222	5	non
9	110	0.243697479	0.166666667	6.000000012	3	0.222222222	1	non
9	160	0.272178771	0.166666667	6.000000012	4	0.222222222	2	non
9	86	0.248749107	0.138888889	5.000000004	3	0.222222222	1	non
18	236	0.307634022	0.091503268	14	4	0.222222222	0	non
9	179	0.251965246	0.083333333	2.999999988	3	0.222222222	4	non
9	172	0.281732493	0.083333333	2.999999988	4	0.222222222	0	non
9	122	0.250064158	0.083333333	2.999999988	3	0.222222222	1	non
9	107	0.294398453	0.083333333	2.999999988	3	0.222222222	1	non
9	111	0.272559441	0.083333333	2.999999988	3	0.222222222	1	non
9	138	0.277622657	0.055555556	2.000000016	3	0.222222222	2	non
9	139	0.258324496	0.055555556	2.000000016	3	0.222222222	0	non
9	140	0.266958904	0.055555556	2.000000016	3	0.222222222	3	non
9	87	0.254718461	0.027777778	1.000000008	3	0.222222222	1	non
9	92	0.254985084	0.027777778	1.000000008	3	0.222222222	4	non
9	115	0.250243978	0.027777778	1.000000008	3	0.222222222	0	non
9	117	0.25912137	0.027777778	1.000000008	3	0.222222222	3	non
9	100	0.286049789	0.027777778	1.000000008	3	0.222222222	3	non
18	242	0.270216306	0.026143791	4.000000023	3	0.222222222	2	non
9	119	0.260799743	0	0	0	0.222222222	4	non
9	132	0.242714094	0	0	0	0.222222222	1	non
9	121	0.282124037	0	0	0	0.222222222	0	non
9	112	0.259784579	0	0	0	0.222222222	2	non
9	72	0.274850502	0	0	0	0.222222222	0	non
9	112	0.25334096	0	0	0	0.222222222	2	non
87	1064	0.312407823	0.002138466	8.000001306	3	0.218390805	1	non
23	456	0.286167401	0.114624506	29.00000002	6	0.217391304	5	non
23	412	0.291074202	0.102766798	25.99999989	6	0.217391304	3	non
46	728	0.298840704	0.016425121	17.00000024	3	0.217391304	3	non
107	1157	0.323162643	0.005466408	30.99999977	4	0.214953271	3	non
14	271	0.273523467	0.21978022	20.00000002	5	0.214285714	5	non
14	310	0.274850502	0.208791209	19.00000002	7	0.214285714	3	non
14	201	0.285145733	0.120879121	11.00000001	5	0.214285714	2	non
14	282	0.263750541	0.098901099	9.000000009	4	0.214285714	5	non
14	230	0.267237124	0.098901099	9.000000009	4	0.214285714	0	non
28	438	0.293440944	0.021164021	7.999999938	3	0.214285714	4	non
14	244	0.271239283	0.010989011	1.000000001	3	0.214285714	4	non
19	236	0.290224579	0.023391813	4.000000023	3	0.210526316	0	non
19	291	0.273707865	0.023391813	4.000000023	3	0.210526316	1	non
34	465	0.266652072	0.294117647	165	7	0.205882353	0	non
59	744	0.303930131	0.001753361	3.000000671	3	0.203389831	1	non
5	101	0.239375031	0.7	7	5	0.2	0	non
5	98	0.238251259	0.6	6	5	0.2	4	non
5	105	0.262754827	0.6	6	5	0.2	1	non
5	88	0.242726186	0.5	5	4	0.2	2	non
5	114	0.257043368	0.5	5	4	0.2	2	non
5	132	0.241212001	0.5	5	4	0.2	5	non
10	248	0.253169819	0.422222222	18.99999999	7	0.2	2	non
10	254	0.252893849	0.422222222	18.99999999	7	0.2	3	non
5	106	0.232965141	0.4	4	4	0.2	2	non
5	22	0.240687679	0.4	4	4	0.2	0	non
5	75	0.249974346	0.3	3	4	0.2	0	non
5	99	0.240616357	0.3	3	4	0.2	2	non
5	92	0.244504667	0.3	3	3	0.2	2	non
5	81	0.241331484	0.3	3	4	0.2	2	non
10	220	0.26252829	0.222222222	9.99999999	5	0.2	5	non
5	69	0.271269488	0.2	2	3	0.2	1	non
5	84	0.232022097	0.2	2	3	0.2	1	non
5	90	0.253196133	0.2	2	3	0.2	1	non
5	63	0.250385446	0.2	2	3	0.2	1	non
5	64	0.263736264	0.2	2	3	0.2	2	non
5	103	0.244615153	0.2	2	3	0.2	2	non
15	209	0.257600592	0.19047619	19.99999995	5	0.2	1	non
10	131	0.278511405	0.177777778	8.00000001	4	0.2	0	non
10	157	0.25506518	0.111111111	4.999999995	4	0.2	4	non
10	167	0.288096505	0.111111111	4.999999995	4	0.2	4	non
10	189	0.289517471	0.111111111	4.999999995	4	0.2	1	non
5	87	0.233646653	0.1	1	3	0.2	2	non
5	83	0.238952376	0.1	1	3	0.2	1	non
5	68	0.248178901	0.1	1	3	0.2	1	non
5	42	0.229098091	0.1	1	3	0.2	1	non
5	73	0.236573759	0.1	1	3	0.2	2	non
5	40	0.23087859	0.1	1	3	0.2	1	non
5	73	0.263907697	0.1	1	3	0.2	3	non
5	94	0.237334373	0.1	1	3	0.2	0	non
5	56	0.249194415	0.1	1	3	0.2	2	non
5	42	0.241954708	0.1	1	3	0.2	1	non
5	61	0.261710357	0.1	1	3	0.2	2	non
5	20	0.275145423	0.1	1	3	0.2	0	non
5	48	0.278384092	0.1	1	3	0.2	3	non
5	46	0.264552563	0.1	1	3	0.2	0	non
5	77	0.263422547	0.1	1	3	0.2	2	non
5	69	0.250836637	0.1	1	3	0.2	2	non
5	77	0.245589273	0.1	1	3	0.2	1	non
5	99	0.243150172	0.1	1	3	0.2	3	non
5	74	0.23015873	0.1	1	3	0.2	4	non
5	53	0.26868141	0.1	1	3	0.2	0	non
5	72	0.249743695	0.1	1	3	0.2	4	non
5	79	0.257859638	0.1	1	3	0.2	1	non
5	66	0.266666667	0.1	1	3	0.2	4	non
5	66	0.266287713	0.1	1	3	0.2	0	non
5	55	0.246446457	0.1	1	3	0.2	3	non
15	192	0.244296244	0.085714286	9.00000003	3	0.2	0	non
20	461	0.276566757	0.068421053	13.00000007	4	0.2	5	non
10	222	0.253604706	0.066666667	3.000000015	3	0.2	5	non
15	134	0.262386902	0.047619048	5.00000004	3	0.2	4	non
15	232	0.286251469	0.047619048	5.00000004	3	0.2	2	non
20	285	0.282107701	0.047368421	8.99999999	5	0.2	2	non
10	167	0.244652004	0.044444444	1.99999998	3	0.2	3	non
15	171	0.287365813	0.038095238	3.99999999	4	0.2	1	non
15	215	0.284081633	0.038095238	3.99999999	3	0.2	4	non
15	237	0.276112213	0.028571429	3.000000045	3	0.2	2	non
10	145	0.285496631	0.022222222	0.99999999	3	0.2	1	non
10	106	0.239304485	0.022222222	0.99999999	3	0.2	1	non
10	126	0.255506608	0.022222222	0.99999999	3	0.2	3	non
10	154	0.248711011	0.022222222	0.99999999	3	0.2	0	non
20	243	0.287365813	0.021052632	4.00000008	3	0.2	0	non
15	85	0.257627836	0.00952381	1.00000005	3	0.2	3	non
5	77	0.224785457	0	0	0	0.2	2	non
5	57	0.272209185	0	0	0	0.2	2	non
5	89	0.266345944	0	0	0	0.2	3	non
5	81	0.25499843	0	0	0	0.2	0	non
5	108	0.241714626	0	0	0	0.2	2	non
5	56	0.279887402	0	0	0	0.2	2	non
10	134	0.256921373	0	0	0	0.2	5	non
20	182	0.261415464	0	0	0	0.2	4	non
5	56	0.244578313	0	0	0	0.2	2	non
5	60	0.258804781	0	0	0	0.2	4	non
5	53	0.254558754	0	0	0	0.2	2	non
15	206	0.275005645	0	0	0	0.2	4	non
5	57	0.233121202	0	0	0	0.2	4	non
5	63	0.245986065	0	0	0	0.2	1	non
5	5	0.232942864	0	0	0	0.2	0	non
5	52	0.26061838	0	0	0	0.2	1	non
5	81	0.24964132	0	0	0	0.2	1	non
5	81	0.250089831	0	0	0	0.2	1	non
5	71	0.258859784	0	0	0	0.2	3	non
5	36	0.237161077	0	0	0	0.2	1	non
5	56	0.2507979	0	0	0	0.2	1	non
5	62	0.244455595	0	0	0	0.2	3	non
5	73	0.255613851	0	0	0	0.2	1	non
5	59	0.25277576	0	0	0	0.2	0	non
5	67	0.235180537	0	0	0	0.2	1	non
5	73	0.236746198	0	0	0	0.2	3	non
5	75	0.264926591	0	0	0	0.2	0	non
5	56	0.252736422	0	0	0	0.2	2	non
5	29	0.280871671	0	0	0	0.2	0	non
5	78	0.265808282	0	0	0	0.2	1	non
5	51	0.248977923	0	0	0	0.2	1	non
5	62	0.23783256	0	0	0	0.2	0	non
5	61	0.265301677	0	0	0	0.2	3	non
5	77	0.243380957	0	0	0	0.2	0	non
5	75	0.250205423	0	0	0	0.2	1	non
5	67	0.253776435	0	0	0	0.2	4	non
5	68	0.261893243	0	0	0	0.2	0	non
5	88	0.245688351	0	0	0	0.2	5	non
5	61	0.267061339	0	0	0	0.2	1	non
5	50	0.250269687	0	0	0	0.2	0	non
5	54	0.209909522	0	0	0	0.2	3	non
5	97	0.247410116	0	0	0	0.2	1	non
5	76	0.255680924	0	0	0	0.2	0	non
5	53	0.270096463	0	0	0	0.2	0	non
5	28	0.2390579	0	0	0	0.2	2	non
5	61	0.224278415	0	0	0	0.2	1	non
10	125	0.271875	0	0	0	0.2	1	non
5	74	0.24238806	0	0	0	0.2	0	non
5	55	0.254027843	0	0	0	0.2	4	non
5	54	0.245033446	0	0	0	0.2	2	non
46	476	0.279085754	0.162318841	168.0000004	6	0.195652174	0	non
36	591	0.2776543	0.052380952	32.99999976	4	0.194444444	0	non
36	458	0.299410029	0.026984127	17.00000001	3	0.194444444	0	non
31	415	0.274834997	0.423655914	197	6	0.193548387	1	non
31	444	0.286167401	0.07311828	34.0000002	5	0.193548387	1	non
21	293	0.284065069	0.023809524	5.00000004	4	0.19047619	3	non
21	215	0.280338339	0.00952381	2.0000001	3	0.19047619	1	non
37	458	0.267163852	0.172672673	115.0000002	6	0.189189189	1	non
37	536	0.293706294	0.025525526	17.00000032	4	0.189189189	4	non
48	578	0.284862305	0.160460993	181.0000001	6	0.1875	1	non
16	215	0.278447734	0.083333333	9.99999996	3	0.1875	3	non
16	268	0.271905347	0.041666667	5.00000004	4	0.1875	5	non
16	159	0.287331918	0.016666667	2.00000004	3	0.1875	1	non
16	237	0.263707713	0.016666667	2.00000004	3	0.1875	3	non
16	195	0.28638608	0.008333333	0.99999996	3	0.1875	2	non
27	382	0.268651778	0.47008547	165	6	0.185185185	2	non
27	373	0.288232858	0.017094017	5.999999967	3	0.185185185	3	non
38	366	0.277117343	0.041251778	28.99999993	4	0.184210526	0	non
33	494	0.286621956	0.21780303	114.9999998	5	0.181818182	5	non
22	432	0.274664562	0.164502165	38.00000012	6	0.181818182	5	non
11	232	0.258598726	0.163636364	9.00000002	5	0.181818182	4	non
11	130	0.26343679	0.127272727	6.999999985	4	0.181818182	2	non
11	154	0.282877547	0.127272727	6.999999985	4	0.181818182	1	non
66	968	0.281977081	0.113286713	242.9999994	7	0.181818182	3	non
11	165	0.283387622	0.072727273	4.000000015	4	0.181818182	1	non
22	351	0.263807667	0.038961039	9.000000009	3	0.181818182	0	non
11	137	0.268814831	0.036363636	1.99999998	3	0.181818182	2	non
22	312	0.281049899	0.021645022	5.000000082	3	0.181818182	5	non
61	674	0.288848046	0.245901639	449.9999994	7	0.180327869	2	non
28	347	0.302045877	0.068783069	26.00000008	4	0.178571429	2	non
17	299	0.26979732	0.154411765	21.00000004	4	0.176470588	1	non
17	329	0.276786729	0.125	17	5	0.176470588	5	non
17	279	0.269588313	0.110294118	15.00000005	5	0.176470588	3	non
17	268	0.267618786	0.080882353	11.00000001	5	0.176470588	3	non
17	200	0.279085754	0.044117647	5.999999992	3	0.176470588	4	non
17	173	0.26233039	0.044117647	5.999999992	3	0.176470588	0	non
17	155	0.279630374	0.007352941	0.999999976	3	0.176470588	1	non
125	1439	0.321966693	0.001290323	10.00000325	3	0.176	0	non
23	402	0.290414878	0.114624506	29.00000002	5	0.173913043	3	non
29	483	0.290553435	0.024630542	10.00000005	3	0.172413793	2	non
35	700	0.296711328	0.047058824	28.00000028	5	0.171428571	5	non
6	110	0.249730893	0.8	12	5	0.166666667	1	non
6	107	0.264624409	0.466666667	7.000000005	5	0.166666667	3	non
6	116	0.228303655	0.466666667	7.000000005	4	0.166666667	1	non
12	156	0.248698315	0.424242424	27.99999998	5	0.166666667	3	non
6	128	0.248825332	0.4	6	4	0.166666667	1	non
6	127	0.238146446	0.4	6	5	0.166666667	5	non
6	69	0.245156745	0.4	6	4	0.166666667	1	non
6	108	0.236907367	0.333333333	4.999999995	4	0.166666667	4	non
6	109	0.244406542	0.333333333	4.999999995	4	0.166666667	4	non
6	109	0.245378998	0.266666667	4.000000005	3	0.166666667	5	non
6	113	0.237461617	0.266666667	4.000000005	4	0.166666667	1	non
12	229	0.276253119	0.227272727	14.99999998	5	0.166666667	3	non
6	106	0.251991311	0.2	3	3	0.166666667	2	non
24	322	0.270937604	0.192028986	53.00000014	5	0.166666667	4	non
12	224	0.245255474	0.181818182	12.00000001	5	0.166666667	3	non
6	67	0.249884598	0.133333333	1.999999995	3	0.166666667	3	non
6	97	0.252121714	0.133333333	1.999999995	3	0.166666667	1	non
6	58	0.257084059	0.133333333	1.999999995	3	0.166666667	1	non
6	95	0.25923167	0.133333333	1.999999995	3	0.166666667	3	non
6	73	0.277085822	0.133333333	1.999999995	3	0.166666667	2	non
6	70	0.248939758	0.133333333	1.999999995	3	0.166666667	2	non
6	81	0.255145326	0.133333333	1.999999995	3	0.166666667	0	non
6	98	0.27700705	0.133333333	1.999999995	3	0.166666667	4	non
6	140	0.245218442	0.133333333	1.999999995	3	0.166666667	5	non
18	285	0.271284593	0.124183007	19.00000007	4	0.166666667	5	non
12	181	0.278415909	0.090909091	6.000000006	5	0.166666667	4	non
6	79	0.243807236	0.066666667	1.000000005	3	0.166666667	2	non
6	101	0.245576894	0.066666667	1.000000005	3	0.166666667	0	non
6	90	0.245021123	0.066666667	1.000000005	3	0.166666667	3	non
6	88	0.242123049	0.066666667	1.000000005	3	0.166666667	0	non
6	64	0.241307578	0.066666667	1.000000005	3	0.166666667	1	non
6	53	0.251704898	0.066666667	1.000000005	3	0.166666667	0	non
6	54	0.257369255	0.066666667	1.000000005	3	0.166666667	4	non
6	51	0.260729958	0.066666667	1.000000005	3	0.166666667	1	non
6	80	0.239257477	0.066666667	1.000000005	3	0.166666667	1	non
24	338	0.304309806	0.032608696	9.000000096	3	0.166666667	0	non
24	339	0.283816847	0.018115942	4.999999992	3	0.166666667	0	non
6	61	0.251509989	0	0	0	0.166666667	1	non
6	54	0.238344504	0	0	0	0.166666667	1	non
6	24	0.262485857	0	0	0	0.166666667	0	non
6	56	0.251874063	0	0	0	0.166666667	4	non
6	69	0.244959525	0	0	0	0.166666667	0	non
6	53	0.251406161	0	0	0	0.166666667	1	non
6	91	0.248318043	0	0	0	0.166666667	1	non
6	96	0.244652004	0	0	0	0.166666667	4	non
6	80	0.256569593	0	0	0	0.166666667	3	non
6	24	0.253842547	0	0	0	0.166666667	0	non
6	96	0.254253209	0	0	0	0.166666667	3	non
6	29	0.266958904	0	0	0	0.166666667	0	non
6	80	0.272528948	0	0	0	0.166666667	3	non
6	73	0.236149484	0	0	0	0.166666667	1	non
6	58	0.24241218	0	0	0	0.166666667	4	non
6	63	0.253090909	0	0	0	0.166666667	3	non
6	56	0.253472764	0	0	0	0.166666667	1	non
6	59	0.25623225	0	0	0	0.166666667	1	non
79	954	0.310397554	0.00162285	5.00000085	3	0.164556962	0	non
37	364	0.27309417	0.267267267	177.9999998	6	0.162162162	1	non
37	548	0.28444652	0.006006006	3.999999996	4	0.162162162	5	non
25	364	0.269096935	0.246666667	74.0000001	5	0.16	1	non
19	378	0.285329429	0.14619883	24.99999993	5	0.157894737	5	non
19	319	0.276503973	0.087719298	14.99999996	4	0.157894737	5	non
19	264	0.286892003	0.040935673	7.000000083	3	0.157894737	1	non
32	548	0.267442499	0	0	0	0.15625	0	non
26	300	0.28441331	0.126153846	40.99999995	5	0.153846154	2	non
26	351	0.288505951	0.104615385	34.00000013	5	0.153846154	0	non
13	196	0.26795732	0.076923077	6.000000006	4	0.153846154	3	non
13	116	0.294380665	0.051282051	3.999999978	4	0.153846154	1	non
13	234	0.274726514	0.038461538	2.999999964	3	0.153846154	1	non
13	187	0.279710644	0.038461538	2.999999964	3	0.153846154	0	non
13	209	0.268696228	0.025641026	2.000000028	3	0.153846154	2	non
46	627	0.30507201	0.248309179	257.0000003	7	0.152173913	1	non
79	1154	0.292051313	0.110678351	340.9999994	7	0.151898734	2	non
40	560	0.275690358	0.237179487	184.9999999	6	0.15	0	non
20	296	0.262783172	0.152631579	29.00000001	4	0.15	3	non
20	296	0.28389954	0.010526316	2.00000004	3	0.15	5	non
283	1644	0.358710057	0.00097737	38.99999511	3	0.148409894	2	non
41	412	0.311608571	0.006097561	5.00000002	3	0.146341463	4	non
7	157	0.239398555	0.666666667	14.00000001	6	0.142857143	0	non
7	132	0.251613903	0.571428571	11.99999999	6	0.142857143	0	non
7	92	0.246309403	0.571428571	11.99999999	4	0.142857143	1	non
7	93	0.233837293	0.380952381	8.000000001	4	0.142857143	0	non
7	64	0.260995339	0.333333333	6.999999993	4	0.142857143	0	non
7	100	0.240367063	0.238095238	4.999999998	4	0.142857143	2	non
7	133	0.251821988	0.238095238	4.999999998	4	0.142857143	2	non
7	143	0.258242341	0.238095238	4.999999998	4	0.142857143	1	non
14	208	0.256407557	0.208791209	19.00000002	4	0.142857143	3	non
7	137	0.264955406	0.19047619	3.99999999	4	0.142857143	0	non
14	213	0.254878368	0.186813187	17.00000002	4	0.142857143	4	non
14	253	0.273846327	0.186813187	17.00000002	4	0.142857143	0	non
42	537	0.276300119	0.144018583	124	6	0.142857143	1	non
7	112	0.23783256	0.142857143	3.000000003	4	0.142857143	2	non
7	104	0.254585358	0.142857143	3.000000003	4	0.142857143	0	non
7	126	0.282385672	0.142857143	3.000000003	4	0.142857143	1	non
7	85	0.246160065	0.142857143	3.000000003	3	0.142857143	1	non
7	109	0.256745363	0.095238095	1.999999995	3	0.142857143	2	non
7	87	0.250578614	0.095238095	1.999999995	3	0.142857143	0	non
7	96	0.237288136	0.095238095	1.999999995	3	0.142857143	1	non
7	99	0.27806632	0.095238095	1.999999995	3	0.142857143	1	non
7	111	0.273400673	0.095238095	1.999999995	3	0.142857143	2	non
7	146	0.264840183	0.095238095	1.999999995	3	0.142857143	0	non
7	107	0.257246951	0.095238095	1.999999995	3	0.142857143	1	non
14	232	0.267427819	0.087912088	8.000000008	5	0.142857143	3	non
14	161	0.272727273	0.054945055	5.000000005	3	0.142857143	2	non
7	131	0.254878368	0.047619048	1.000000008	3	0.142857143	3	non
7	93	0.275160962	0.047619048	1.000000008	3	0.142857143	2	non
7	86	0.243089512	0.047619048	1.000000008	3	0.142857143	1	non
7	102	0.232453838	0.047619048	1.000000008	3	0.142857143	1	non
7	116	0.257016248	0.047619048	1.000000008	3	0.142857143	0	non
7	109	0.254665203	0.047619048	1.000000008	3	0.142857143	2	non
7	76	0.24131953	0.047619048	1.000000008	3	0.142857143	0	non
14	216	0.267927849	0.032967033	3.000000003	3	0.142857143	2	non
14	183	0.281033687	0.021978022	2.000000002	3	0.142857143	3	non
28	352	0.281130987	0.005291005	1.99999989	3	0.142857143	1	non
7	86	0.249385749	0	0	0	0.142857143	0	non
7	95	0.264351601	0	0	0	0.142857143	1	non
7	104	0.261247252	0	0	0	0.142857143	1	non
7	73	0.261373391	0	0	0	0.142857143	2	non
7	65	0.256448047	0	0	0	0.142857143	0	non
7	85	0.264050729	0	0	0	0.142857143	0	non
7	107	0.25372357	0	0	0	0.142857143	5	non
7	62	0.251887085	0	0	0	0.142857143	2	non
7	64	0.247033769	0	0	0	0.142857143	2	non
93	969	0.312007685	0.000701262	2.999998836	3	0.139784946	2	non
36	531	0.261065266	0.23968254	151.0000002	6	0.138888889	2	non
36	558	0.299704724	0.10952381	69.0000003	5	0.138888889	2	non
51	684	0.284729122	0.170980392	217.9999998	7	0.137254902	1	non
22	331	0.262783172	0.255411255	58.99999991	6	0.136363636	1	non
22	305	0.288164666	0.047619048	11.00000009	4	0.136363636	1	non
22	338	0.274959083	0.034632035	8.000000085	5	0.136363636	1	non
38	514	0.274943567	0.163584637	114.9999998	6	0.131578947	3	non
23	239	0.257505285	0.023715415	5.999999995	3	0.130434783	2	non
101	1239	0.294043093	0.066534653	335.9999977	7	0.128712871	3	non
95	1122	0.310081466	0.002463606	11.00000079	4	0.126315789	5	non
8	178	0.260423348	0.642857143	18	6	0.125	2	non
8	91	0.247146553	0.392857143	11	4	0.125	0	non
8	153	0.247586137	0.321428571	8.999999988	5	0.125	3	non
8	152	0.275862069	0.285714286	8.000000008	5	0.125	2	non
24	301	0.259701493	0.278985507	76.99999993	5	0.125	1	non
8	97	0.242255482	0.214285714	5.999999992	4	0.125	0	non
8	149	0.257016248	0.214285714	5.999999992	5	0.125	0	non
8	120	0.248888889	0.178571429	5.000000012	3	0.125	2	non
8	160	0.252867597	0.178571429	5.000000012	4	0.125	1	non
32	423	0.270817121	0.143145161	70.99999986	6	0.125	0	non
8	109	0.276991301	0.142857143	4.000000004	4	0.125	0	non
16	199	0.256880734	0.133333333	15.99999996	4	0.125	1	non
8	110	0.268252395	0.107142857	2.999999996	3	0.125	1	non
8	158	0.262245667	0.107142857	2.999999996	3	0.125	0	non
8	127	0.268341044	0.107142857	2.999999996	3	0.125	0	non
8	154	0.253130358	0.107142857	2.999999996	3	0.125	3	non
8	136	0.2628257	0.107142857	2.999999996	3	0.125	5	non
8	154	0.257450856	0.107142857	2.999999996	4	0.125	0	non
16	226	0.292612613	0.075	9	4	0.125	2	non
8	126	0.237565828	0.071428571	1.999999988	3	0.125	3	non
8	134	0.241666667	0.071428571	1.999999988	3	0.125	1	non
8	88	0.267339772	0.071428571	1.999999988	3	0.125	1	non
8	110	0.246284501	0.071428571	1.999999988	3	0.125	3	non
8	119	0.279486003	0.071428571	1.999999988	3	0.125	2	non
8	102	0.25881853	0.071428571	1.999999988	3	0.125	3	non
8	98	0.256191828	0.071428571	1.999999988	3	0.125	0	non
24	441	0.283536053	0.039855072	10.99999987	4	0.125	3	non
8	108	0.25303833	0.035714286	1.000000008	3	0.125	4	non
8	58	0.27309417	0.035714286	1.000000008	3	0.125	2	non
8	83	0.26266983	0.035714286	1.000000008	3	0.125	2	non
8	124	0.252749533	0.035714286	1.000000008	3	0.125	2	non
8	130	0.261752539	0.035714286	1.000000008	3	0.125	0	non
8	102	0.264566929	0.035714286	1.000000008	3	0.125	2	non
32	444	0.298310066	0.006048387	2.999999952	3	0.125	0	non
8	90	0.280096585	0	0	0	0.125	0	non
8	109	0.251978278	0	0	0	0.125	0	non
8	59	0.264638783	0	0	0	0.125	1	non
8	111	0.271103444	0	0	0	0.125	2	non
8	86	0.247649062	0	0	0	0.125	0	non
41	519	0.276802454	0.164634146	134.9999997	6	0.12195122	1	non
41	424	0.305492852	0.02195122	18.0000004	4	0.12195122	1	non
109	1394	0.300369914	0.053346925	314.0000006	7	0.119266055	3	non
17	221	0.260520828	0.213235294	28.99999998	4	0.117647059	3	non
17	217	0.291579388	0.051470588	6.999999968	4	0.117647059	2	non
17	248	0.281667341	0.029411765	4.00000004	3	0.117647059	2	non
26	465	0.281244588	0.018461538	5.99999985	3	0.115384615	3	non
35	586	0.291283032	0.053781513	32.00000024	4	0.114285714	0	non
9	169	0.250051324	0.527777778	19.00000001	6	0.111111111	1	non
9	199	0.273615635	0.5	18	6	0.111111111	2	non
9	97	0.273584906	0.222222222	7.999999992	4	0.111111111	0	non
18	228	0.253565109	0.111111111	16.99999998	4	0.111111111	0	non
9	132	0.244332999	0.111111111	3.999999996	3	0.111111111	0	non
9	150	0.25363111	0.111111111	3.999999996	3	0.111111111	3	non
9	89	0.281066113	0.083333333	2.999999988	3	0.111111111	1	non
9	58	0.277180406	0.055555556	2.000000016	3	0.111111111	1	non
9	118	0.263379825	0.055555556	2.000000016	3	0.111111111	4	non
9	158	0.259107589	0.027777778	1.000000008	3	0.111111111	0	non
9	166	0.247021244	0.027777778	1.000000008	3	0.111111111	1	non
9	122	0.265388387	0.027777778	1.000000008	3	0.111111111	1	non
9	108	0.278925975	0.027777778	1.000000008	3	0.111111111	4	non
9	115	0.245961228	0.027777778	1.000000008	3	0.111111111	2	non
9	114	0.289672394	0.027777778	1.000000008	3	0.111111111	0	non
9	121	0.262698156	0.027777778	1.000000008	3	0.111111111	1	non
18	192	0.275987084	0.013071895	1.999999935	3	0.111111111	4	non
27	452	0.282091367	0.008547009	3.000000159	3	0.111111111	2	non
18	215	0.262302143	0.006535948	1.000000044	3	0.111111111	3	non
9	135	0.254014599	0	0	0	0.111111111	1	non
9	112	0.265013055	0	0	0	0.111111111	3	non
9	166	0.222080408	0	0	0	0.111111111	0	non
38	474	0.269857095	0.13655761	95.99999983	5	0.105263158	2	non
19	386	0.276551059	0.111111111	18.99999998	7	0.105263158	2	non
19	159	0.27545655	0.005847953	0.999999963	3	0.105263158	2	non
48	725	0.290466822	0.015070922	17.00000002	4	0.104166667	1	non
10	240	0.263365587	0.422222222	18.99999999	7	0.1	0	non
20	268	0.257709601	0.405263158	77.00000002	6	0.1	1	non
10	232	0.261696299	0.311111111	14	5	0.1	5	non
10	163	0.251574925	0.155555556	7.00000002	3	0.1	2	non
60	801	0.291753997	0.136158192	240.9999998	7	0.1	1	non
10	152	0.257600592	0.111111111	4.999999995	3	0.1	2	non
20	20	0.284330318	0.110526316	21.00000004	4	0.1	0	non
10	114	0.239693004	0.088888889	4.000000005	4	0.1	0	non
20	341	0.282795449	0.078947368	14.99999992	5	0.1	3	non
10	162	0.249858967	0.066666667	3.000000015	3	0.1	3	non
10	152	0.261037291	0.066666667	3.000000015	3	0.1	4	non
10	117	0.28638608	0.044444444	1.99999998	3	0.1	1	non
10	129	0.25545302	0.044444444	1.99999998	3	0.1	2	non
10	122	0.264768219	0.022222222	0.99999999	3	0.1	2	non
10	108	0.266725063	0.022222222	0.99999999	3	0.1	0	non
10	147	0.260312032	0.022222222	0.99999999	3	0.1	3	non
10	128	0.284945608	0.022222222	0.99999999	3	0.1	2	non
10	119	0.260034159	0.022222222	0.99999999	3	0.1	3	non
10	106	0.27929374	0	0	0	0.1	1	non
10	167	0.245280169	0	0	0	0.1	0	non
20	253	0.27236136	0	0	0	0.1	1	non
10	144	0.251458065	0	0	0	0.1	3	non
41	534	0.274494338	0.063414634	51.99999988	4	0.097560976	2	non
42	165	0.280225469	0.135888502	117.0000002	6	0.095238095	0	non
32	391	0.289551884	0	0	0	0.09375	3	non
11	206	0.24797679	0.436363636	23.99999998	4	0.090909091	4	non
11	250	0.25872232	0.2	11	5	0.090909091	2	non
11	180	0.251445087	0.2	11	4	0.090909091	1	non
11	110	0.254425819	0.181818182	10.00000001	4	0.090909091	0	non
22	232	0.268607344	0.151515152	35.00000011	4	0.090909091	3	non
11	182	0.257968866	0.109090909	5.999999995	3	0.090909091	1	non
11	178	0.260006404	0.090909091	5.000000005	3	0.090909091	2	non
11	129	0.257491676	0.072727273	4.000000015	4	0.090909091	2	non
11	154	0.262641509	0.072727273	4.000000015	3	0.090909091	5	non
22	220	0.257369255	0.047619048	11.00000009	4	0.090909091	0	non
11	201	0.256178357	0.036363636	1.99999998	3	0.090909091	4	non
36	443	0.281699913	0.16984127	107.0000001	7	0.083333333	0	non
12	171	0.288232858	0.166666667	11.00000002	5	0.083333333	1	non
24	323	0.281879195	0.134057971	37	5	0.083333333	1	non
12	196	0.27274254	0.060606061	4.000000026	3	0.083333333	3	non
12	137	0.25623225	0.045454545	2.99999997	3	0.083333333	1	non
12	127	0.26266983	0.045454545	2.99999997	3	0.083333333	5	non
12	169	0.25264468	0.03030303	1.99999998	3	0.083333333	3	non
24	349	0.268533319	0.018115942	4.999999992	3	0.083333333	5	non
13	195	0.254054336	0.217948718	17	4	0.076923077	0	non
13	194	0.274587161	0.076923077	6.000000006	3	0.076923077	3	non
13	126	0.255680924	0	0	0	0.076923077	1	non
13	49	0.276613865	0	0	0	0.076923077	0	non
27	180	0.277496155	0	0	0	0.074074074	0	non
28	354	0.293653185	0.03968254	15.00000012	5	0.071428571	2	non
14	183	0.270606532	0.010989011	1.000000001	3	0.071428571	4	non
43	566	0.302834411	0.019933555	18.00000017	5	0.069767442	2	non
15	268	0.276221794	0.238095238	24.99999999	6	0.066666667	1	non
15	359	0.276551059	0.142857143	15.00000002	4	0.066666667	2	non
15	263	0.270426288	0.095238095	9.999999975	4	0.066666667	2	non
15	280	0.270486342	0.085714286	9.00000003	3	0.066666667	3	non
16	216	0.27443249	0.016666667	2.00000004	3	0.0625	2	non
16	198	0.249270913	0	0	0	0.0625	1	non
17	235	0.266185871	0.169117647	22.99999999	5	0.058823529	2	non
17	219	0.272528948	0.080882353	11.00000001	4	0.058823529	1	non
18	387	0.263223297	0.183006536	28.00000001	6	0.055555556	0	non
19	244	0.262570736	0.222222222	37.99999996	5	0.052631579	0	non
20	408	0.269916898	0.142105263	26.99999997	6	0.05	0	non
20	439	0.273492759	0.094736842	17.99999998	5	0.05	5	non
26	296	0.271299699	0.129230769	41.99999993	5	0.038461538	1	non
26	488	0.284795698	0.036923077	12.00000003	4	0.038461538	3	non
2	2	0.213487577	1	1	3	0	0	non
2	36	0.206004228	1	1	3	0	0	non
2	38	0.232620321	1	1	3	0	0	non
2	50	0.231955818	1	1	3	0	1	non
6	168	0.238917222	1	15	7	0	1	non
2	21	0.236023641	1	1	3	0	1	non
2	23	0.228732394	1	1	3	0	3	non
2	40	0.216687422	1	1	3	0	1	non
3	52	0.233635448	1	3	4	0	0	non
2	44	0.203245588	1	1	3	0	3	non
2	24	0.22310757	1	1	3	0	2	non
2	56	0.201455508	1	1	3	0	3	non
2	8	0.25078499	1	1	3	0	0	non
2	40	0.218455744	1	1	3	0	2	non
2	25	0.218985976	1	1	3	0	2	non
2	23	0.228111246	1	1	3	0	3	non
3	51	0.232509306	1	3	4	0	0	non
2	23	0.228111246	1	1	3	0	0	non
2	40	0.196951934	1	1	3	0	4	non
2	33	0.231350017	1	1	3	0	0	non
2	38	0.232620321	1	1	3	0	0	non
3	58	0.22299524	1	3	4	0	0	non
2	10	0.221042602	1	1	3	0	1	non
2	44	0.211073564	1	1	3	0	2	non
2	45	0.193979933	1	1	3	0	0	non
3	36	0.222191818	1	3	4	0	1	non
2	34	0.246783507	1	1	3	0	0	non
2	33	0.227769986	1	1	3	0	0	non
2	50	0.231185347	1	1	3	0	2	non
2	23	0.235635519	1	1	3	0	3	non
2	18	0.219538572	1	1	3	0	1	non
2	36	0.217937822	1	1	3	0	3	non
2	56	0.219845675	1	1	3	0	5	non
3	51	0.233635448	1	3	4	0	0	non
2	34	0.235635519	1	1	3	0	3	non
2	43	0.216976931	1	1	3	0	0	non
2	39	0.208722475	1	1	3	0	1	non
3	65	0.211936663	1	3	4	0	2	non
2	2	0.239069631	1	1	3	0	0	non
2	37	0.227610371	1	1	3	0	3	non
5	95	0.213928164	1	10	6	0	3	non
2	46	0.237577413	1	1	3	0	1	non
6	141	0.222536884	0.866666667	13.00000001	6	0	0	non
7	165	0.249321938	0.857142857	18	6	0	2	non
4	96	0.235532995	0.833333333	4.999999998	4	0	1	non
4	92	0.229076547	0.833333333	4.999999998	4	0	5	non
6	115	0.214059754	0.8	12	6	0	5	non
7	7	0.222547049	0.761904762	16	6	0	0	non
3	56	0.233769973	0.666666667	2.000000001	3	0	0	non
4	62	0.24518142	0.666666667	4.000000002	4	0	0	non
3	30	0.23227652	0.666666667	2.000000001	3	0	0	non
6	106	0.213937558	0.666666667	10.00000001	6	0	1	non
3	56	0.213627993	0.666666667	2.000000001	3	0	5	non
7	143	0.217451462	0.619047619	13	5	0	3	non
5	100	0.232132647	0.6	6	5	0	2	non
5	50	0.263664899	0.6	6	4	0	1	non
5	112	0.23611515	0.6	6	5	0	2	non
6	138	0.243490429	0.6	9	5	0	2	non
8	187	0.250218273	0.535714286	15.00000001	6	0	2	non
6	133	0.239940901	0.533333333	7.999999995	4	0	3	non
7	138	0.275300898	0.523809524	11	5	0	1	non
7	134	0.208615227	0.523809524	11	5	0	4	non
4	65	0.23898754	0.5	3	4	0	0	non
4	75	0.236527818	0.5	3	4	0	4	non
4	83	0.204336703	0.5	3	4	0	1	non
4	59	0.265735791	0.5	3	4	0	3	non
4	64	0.207663782	0.5	3	4	0	3	non
5	77	0.27268148	0.5	5	4	0	2	non
8	179	0.241200059	0.5	14	6	0	3	non
5	111	0.251341312	0.5	5	4	0	1	non
5	106	0.243466094	0.5	5	4	0	3	non
7	137	0.211586902	0.476190476	9.999999996	5	0	4	non
6	130	0.242255482	0.466666667	7.000000005	4	0	2	non
8	101	0.244088176	0.464285714	12.99999999	5	0	1	non
8	145	0.229648833	0.428571429	12.00000001	6	0	4	non
5	89	0.230180478	0.4	4	4	0	3	non
3	3	0.21846554	0.333333333	0.999999999	3	0	0	non
3	3	0.208169544	0.333333333	0.999999999	3	0	0	non
3	41	0.25261848	0.333333333	0.999999999	3	0	0	non
3	41	0.206230952	0.333333333	0.999999999	3	0	0	non
4	49	0.272513704	0.333333333	1.999999998	3	0	0	non
3	64	0.227589106	0.333333333	0.999999999	3	0	1	non
3	39	0.228485673	0.333333333	0.999999999	3	0	4	non
3	39	0.240224841	0.333333333	0.999999999	3	0	3	non
10	222	0.253393665	0.333333333	14.99999999	7	0	2	non
6	109	0.250475554	0.333333333	4.999999995	4	0	5	non
3	35	0.246209824	0.333333333	0.999999999	3	0	1	non
4	40	0.25984	0.333333333	1.999999998	3	0	1	non
3	30	0.249615739	0.333333333	0.999999999	3	0	1	non
4	82	0.236321304	0.333333333	1.999999998	3	0	1	non
3	50	0.210626432	0.333333333	0.999999999	3	0	0	non
4	65	0.225545114	0.333333333	1.999999998	3	0	2	non
3	37	0.229313753	0.333333333	0.999999999	3	0	1	non
3	49	0.254266479	0.333333333	0.999999999	3	0	0	non
3	40	0.233489888	0.333333333	0.999999999	3	0	0	non
3	47	0.22406181	0.333333333	0.999999999	3	0	1	non
4	54	0.232820415	0.333333333	1.999999998	3	0	3	non
4	81	0.231119545	0.333333333	1.999999998	3	0	1	non
3	56	0.222465753	0.333333333	0.999999999	3	0	2	non
3	48	0.236378633	0.333333333	0.999999999	3	0	3	non
3	41	0.259798432	0.333333333	0.999999999	3	0	0	non
7	128	0.246608625	0.333333333	6.999999993	5	0	1	non
3	26	0.243271583	0.333333333	0.999999999	3	0	1	non
4	40	0.251198763	0.333333333	1.999999998	3	0	1	non
4	39	0.266652072	0.333333333	1.999999998	3	0	0	non
3	27	0.244002604	0.333333333	0.999999999	3	0	1	non
4	76	0.226900149	0.333333333	1.999999998	3	0	3	non
3	54	0.228303655	0.333333333	0.999999999	3	0	4	non
3	44	0.223568282	0.333333333	0.999999999	3	0	2	non
3	57	0.245440806	0.333333333	0.999999999	3	0	1	non
4	23	0.276551059	0.333333333	1.999999998	3	0	0	non
3	38	0.233143513	0.333333333	0.999999999	3	0	4	non
3	59	0.22252672	0.333333333	0.999999999	3	0	1	non
3	50	0.237369062	0.333333333	0.999999999	3	0	1	non
3	26	0.244369765	0.333333333	0.999999999	3	0	0	non
3	56	0.230441775	0.333333333	0.999999999	3	0	2	non
3	54	0.267751154	0.333333333	0.999999999	3	0	5	non
4	61	0.245304869	0.333333333	1.999999998	3	0	5	non
3	64	0.267942584	0.333333333	0.999999999	3	0	0	non
3	66	0.229952329	0.333333333	0.999999999	3	0	3	non
3	57	0.251134021	0.333333333	0.999999999	3	0	1	non
17	247	0.260312032	0.323529412	44.00000003	5	0	1	non
8	170	0.252252252	0.321428571	8.999999988	5	0	3	non
5	101	0.239222233	0.3	3	3	0	2	non
5	91	0.218808946	0.3	3	4	0	1	non
5	106	0.246197382	0.3	3	3	0	1	non
5	73	0.233680272	0.3	3	4	0	0	non
12	298	0.268814831	0.287878788	19.00000001	4	0	5	non
12	280	0.275581198	0.272727273	18.00000002	4	0	5	non
6	87	0.242195267	0.266666667	4.000000005	3	0	0	non
6	120	0.235612729	0.266666667	4.000000005	4	0	1	non
6	72	0.251341312	0.266666667	4.000000005	3	0	0	non
9	109	0.251471044	0.25	9	4	0	3	non
9	190	0.255667506	0.25	9	4	0	4	non
7	123	0.245304869	0.238095238	4.999999998	4	0	4	non
8	104	0.237126448	0.214285714	5.999999992	4	0	0	non
5	47	0.237751318	0.2	2	3	0	1	non
5	55	0.225837853	0.2	2	3	0	2	non
5	91	0.24329588	0.2	2	3	0	1	non
5	63	0.274386123	0.2	2	3	0	1	non
5	85	0.23032194	0.2	2	3	0	4	non
6	66	0.243660915	0.2	3	3	0	1	non
6	137	0.246048179	0.2	3	3	0	2	non
5	89	0.245082751	0.2	2	3	0	3	non
5	91	0.245515017	0.2	2	3	0	1	non
5	123	0.234749928	0.2	2	3	0	4	non
5	68	0.259632294	0.2	2	3	0	3	non
5	78	0.237855783	0.2	2	3	0	2	non
5	75	0.259812287	0.2	2	3	0	1	non
5	82	0.261205233	0.2	2	3	0	3	non
10	230	0.264581297	0.2	9	5	0	3	non
6	110	0.230529005	0.2	3	3	0	3	non
7	73	0.277717608	0.19047619	3.99999999	3	0	1	non
7	75	0.250076994	0.19047619	3.99999999	3	0	0	non
14	178	0.249730893	0.186813187	17.00000002	4	0	1	non
4	42	0.238204664	0.166666667	1.000000002	3	0	0	non
4	56	0.227260006	0.166666667	1.000000002	3	0	2	non
4	69	0.227260006	0.166666667	1.000000002	3	0	2	non
4	70	0.234535214	0.166666667	1.000000002	3	0	4	non
4	47	0.255748031	0.166666667	1.000000002	3	0	2	non
4	62	0.246458924	0.166666667	1.000000002	3	0	5	non
4	53	0.246646079	0.166666667	1.000000002	3	0	2	non
4	76	0.224640354	0.166666667	1.000000002	3	0	0	non
4	61	0.268090024	0.166666667	1.000000002	3	0	1	non
4	32	0.262273902	0.166666667	1.000000002	3	0	0	non
4	35	0.264279902	0.166666667	1.000000002	3	0	1	non
4	21	0.25192616	0.166666667	1.000000002	3	0	1	non
4	29	0.247964169	0.166666667	1.000000002	3	0	0	non
4	41	0.23713799	0.166666667	1.000000002	3	0	1	non
4	57	0.234625572	0.166666667	1.000000002	3	0	1	non
4	26	0.247989413	0.166666667	1.000000002	3	0	1	non
4	70	0.207372095	0.166666667	1.000000002	3	0	0	non
4	16	0.255815175	0.166666667	1.000000002	3	0	0	non
4	48	0.244051495	0.166666667	1.000000002	3	0	0	non
4	75	0.238554571	0.166666667	1.000000002	3	0	4	non
4	58	0.228399981	0.166666667	1.000000002	3	0	0	non
4	76	0.23229867	0.166666667	1.000000002	3	0	2	non
4	78	0.24147502	0.166666667	1.000000002	3	0	4	non
8	93	0.264768219	0.142857143	4.000000004	3	0	0	non
9	120	0.263850528	0.138888889	5.000000004	3	0	0	non
9	176	0.262754827	0.138888889	5.000000004	4	0	2	non
12	223	0.246608625	0.136363636	8.999999976	4	0	1	non
6	62	0.247787611	0.133333333	1.999999995	3	0	2	non
6	55	0.24165468	0.133333333	1.999999995	3	0	2	non
11	179	0.267942584	0.127272727	6.999999985	3	0	5	non
16	269	0.270606532	0.125	15	5	0	4	non
11	142	0.246160065	0.109090909	5.999999995	3	0	0	non
8	87	0.25800985	0.107142857	2.999999996	3	0	3	non
5	86	0.256461547	0.1	1	3	0	4	non
5	56	0.244627435	0.1	1	3	0	0	non
5	62	0.241702634	0.1	1	3	0	3	non
5	5	0.275721562	0.1	1	3	0	0	non
5	74	0.235806592	0.1	1	3	0	2	non
5	76	0.251095191	0.1	1	3	0	0	non
5	78	0.261949567	0.1	1	3	0	0	non
5	67	0.240212997	0.1	1	3	0	1	non
5	66	0.225628676	0.1	1	3	0	3	non
5	44	0.252474478	0.1	1	3	0	1	non
5	81	0.25229144	0.1	1	3	0	2	non
5	86	0.255560218	0.1	1	3	0	2	non
5	58	0.236195278	0.1	1	3	0	0	non
5	56	0.279774894	0.1	1	3	0	2	non
7	115	0.237345935	0.095238095	1.999999995	3	0	1	non
7	99	0.252605382	0.095238095	1.999999995	3	0	4	non
7	87	0.27584645	0.095238095	1.999999995	3	0	2	non
9	142	0.247724615	0.083333333	2.999999988	4	0	5	non
9	113	0.252121714	0.083333333	2.999999988	3	0	3	non
8	99	0.249105225	0.071428571	1.999999988	3	0	0	non
8	137	0.250720461	0.071428571	1.999999988	3	0	4	non
8	105	0.260757868	0.071428571	1.999999988	3	0	0	non
8	111	0.261949567	0.071428571	1.999999988	3	0	3	non
8	86	0.278670709	0.071428571	1.999999988	3	0	2	non
8	111	0.24163071	0.071428571	1.999999988	3	0	4	non
6	85	0.254014599	0.066666667	1.000000005	3	0	1	non
6	69	0.229119639	0.066666667	1.000000005	3	0	4	non
6	101	0.251952216	0.066666667	1.000000005	3	0	5	non
6	76	0.239175258	0.066666667	1.000000005	3	0	1	non
6	82	0.24143912	0.066666667	1.000000005	3	0	0	non
6	93	0.252173913	0.066666667	1.000000005	3	0	5	non
6	87	0.225086625	0.066666667	1.000000005	3	0	1	non
9	108	0.270862289	0.055555556	2.000000016	3	0	5	non
21	227	0.27832048	0.052380952	10.99999992	4	0	3	non
7	66	0.25526564	0.047619048	1.000000008	3	0	4	non
7	92	0.257750503	0.047619048	1.000000008	3	0	2	non
7	61	0.243636545	0.047619048	1.000000008	3	0	1	non
7	81	0.247586137	0.047619048	1.000000008	3	0	1	non
10	143	0.261317314	0.044444444	1.99999998	3	0	1	non
10	162	0.267471864	0.044444444	1.99999998	3	0	0	non
14	247	0.248761808	0.043956044	4.000000004	3	0	1	non
11	178	0.262189215	0.036363636	1.99999998	3	0	3	non
8	141	0.249577378	0.035714286	1.000000008	3	0	1	non
8	50	0.265301677	0.035714286	1.000000008	3	0	2	non
8	118	0.256407557	0.035714286	1.000000008	3	0	2	non
8	135	0.237565828	0.035714286	1.000000008	3	0	2	non
8	128	0.229454152	0.035714286	1.000000008	3	0	4	non
18	231	0.278352282	0.032679739	5.000000067	3	0	3	non
12	148	0.244149336	0.03030303	1.99999998	3	0	3	non
9	103	0.281374531	0.027777778	1.000000008	3	0	0	non
9	9	0.253433208	0.027777778	1.000000008	3	0	0	non
10	191	0.243380957	0.022222222	0.99999999	3	0	3	non
17	223	0.28160222	0.014705882	1.999999952	3	0	0	non
15	238	0.272178771	0.00952381	1.00000005	3	0	1	non
1	1	0.208686713	0	0	0	0	0	non
1	1	0.183199218	0	0	0	0	0	non
1	1	0.196848485	0	0	0	0	0	non
2	2	0.241498959	0	0	0	0	0	non
1	10	0.216996259	0	0	0	0	3	non
1	1	0.218172048	0	0	0	0	0	non
2	14	0.232731442	0	0	0	0	3	non
1	23	0.176342841	0	0	0	0	1	non
7	101	0.243563465	0	0	0	0	1	non
1	15	0.237820951	0	0	0	0	0	non
1	1	0.26402211	0	0	0	0	0	non
2	8	0.20129736	0	0	0	0	0	non
2	2	0.26868141	0	0	0	0	0	non
4	41	0.255734607	0	0	0	0	0	non
1	20	0.218769645	0	0	0	0	3	non
1	1	0.218172048	0	0	0	0	0	non
2	2	0.243587821	0	0	0	0	0	non
2	8	0.185720276	0	0	0	0	0	non
1	1	0.199590332	0	0	0	0	0	non
1	6	0.236884329	0	0	0	0	0	non
1	11	0.237948718	0	0	0	0	2	non
1	17	0.212315335	0	0	0	0	5	non
4	51	0.230398184	0	0	0	0	5	non
1	1	0.169219548	0	0	0	0	5	non
1	11	0.205482919	0	0	0	0	1	non
2	19	0.219538572	0	0	0	0	2	non
2	9	0.212296832	0	0	0	0	1	non
3	12	0.242665737	0	0	0	0	0	non
2	8	0.264667536	0	0	0	0	0	non
5	79	0.242038849	0	0	0	0	4	non
2	25	0.217626301	0	0	0	0	0	non
1	22	0.190543236	0	0	0	0	1	non
2	2	0.231613977	0	0	0	0	0	non
2	28	0.221868027	0	0	0	0	0	non
2	8	0.230050052	0	0	0	0	1	non
2	5	0.217733286	0	0	0	0	2	non
3	52	0.247121481	0	0	0	0	3	non
5	42	0.270726828	0	0	0	0	3	non
1	12	0.205301083	0	0	0	0	5	non
2	20	0.238870367	0	0	0	0	2	non
1	12	0.209422283	0	0	0	0	2	non
1	1	0.186824143	0	0	0	0	0	non
5	43	0.242183228	0	0	0	0	3	non
1	6	0.189057043	0	0	0	0	1	non
1	1	0.225097025	0	0	0	0	0	non
1	15	0.211697228	0	0	0	0	4	non
1	12	0.216658514	0	0	0	0	0	non
2	20	0.224464409	0	0	0	0	3	non
1	4	0.147176993	0	0	0	0	0	non
1	10	0.212519084	0	0	0	0	1	non
2	9	0.197952218	0	0	0	0	2	non
2	31	0.239292731	0	0	0	0	1	non
5	74	0.231086657	0	0	0	0	3	non
2	33	0.246296952	0	0	0	0	2	non
1	7	0.212333842	0	0	0	0	2	non
2	24	0.238753308	0	0	0	0	2	non
1	13	0.216053215	0	0	0	0	0	non
1	6	0.194638648	0	0	0	0	0	non
2	2	0.226488773	0	0	0	0	0	non
2	27	0.267574692	0	0	0	0	0	non
3	23	0.265793781	0	0	0	0	1	non
3	64	0.247134016	0	0	0	0	1	non
3	29	0.271647616	0	0	0	0	3	non
1	5	0.26402211	0	0	0	0	0	non
4	54	0.213562442	0	0	0	0	1	non
2	35	0.217228464	0	0	0	0	4	non
1	4	0.207920792	0	0	0	0	0	non
1	10	0.207805502	0	0	0	0	1	non
2	41	0.214153846	0	0	0	0	0	non
14	168	0.274216244	0	0	0	0	4	non
2	27	0.211201665	0	0	0	0	4	non
2	2	0.228089888	0	0	0	0	0	non
3	40	0.247661651	0	0	0	0	0	non
4	55	0.274649078	0	0	0	0	0	non
4	69	0.252056495	0	0	0	0	1	non
2	20	0.248368679	0	0	0	0	1	non
3	57	0.215413185	0	0	0	0	1	non
1	1	0.219192874	0	0	0	0	0	non
2	22	0.19376392	0	0	0	0	2	non
1	4	0.228882834	0	0	0	0	1	non
4	50	0.269349845	0	0	0	0	2	non
2	23	0.25234371	0	0	0	0	2	non
1	10	0.237820951	0	0	0	0	2	non
1	1	0.26402211	0	0	0	0	0	non
2	27	0.231900614	0	0	0	0	0	non
1	14	0.218172048	0	0	0	0	0	non
2	32	0.243795036	0	0	0	0	3	non
1	8	0.182663467	0	0	0	0	0	non
3	31	0.254865035	0	0	0	0	0	non
2	24	0.21410679	0	0	0	0	1	non
3	44	0.25	0	0	0	0	1	non
1	14	0.18147955	0	0	0	0	1	non
1	15	0.177486339	0	0	0	0	0	non
1	10	0.232265446	0	0	0	0	2	non
1	19	0.236884329	0	0	0	0	2	non
1	6	0.218172048	0	0	0	0	3	non
1	7	0.167572401	0	0	0	0	3	non
1	1	0.168668859	0	0	0	0	0	non
3	65	0.247271989	0	0	0	0	4	non
2	14	0.227610371	0	0	0	0	1	non
3	39	0.268889012	0	0	0	0	3	non
3	50	0.230900474	0	0	0	0	1	non
1	12	0.237820951	0	0	0	0	1	non
1	9	0.237820951	0	0	0	0	3	non
1	4	0.16096739	0	0	0	0	4	non
2	15	0.208178439	0	0	0	0	1	non
1	14	0.208811932	0	0	0	0	4	non
1	10	0.237588998	0	0	0	0	0	non
2	24	0.218573351	0	0	0	0	0	non
2	16	0.267913115	0	0	0	0	3	non
1	1	0.207805502	0	0	0	0	0	non
2	29	0.230747371	0	0	0	0	0	non
3	31	0.235362319	0	0	0	0	0	non
2	8	0.208320862	0	0	0	0	0	non
3	43	0.217451462	0	0	0	0	0	non
1	17	0.147176993	0	0	0	0	0	non
1	1	0.207248596	0	0	0	0	0	non
1	4	0.26402211	0	0	0	0	0	non
1	1	0.199345336	0	0	0	0	0	non
1	18	0.147323858	0	0	0	0	0	non
2	2	0.242231393	0	0	0	0	0	non
5	71	0.241200059	0	0	0	0	2	non
1	4	0.218966292	0	0	0	0	3	non
1	5	0.241570805	0	0	0	0	2	non
5	58	0.260729958	0	0	0	0	2	non
1	8	0.205301083	0	0	0	0	0	non
1	14	0.227122279	0	0	0	0	0	non
1	4	0.26402211	0	0	0	0	3	non
1	6	0.237588998	0	0	0	0	1	non
4	36	0.224972294	0	0	0	0	0	non
1	11	0.214559387	0	0	0	0	0	non
1	1	0.199590332	0	0	0	0	0	non
1	10	0.216996259	0	0	0	0	0	non
1	1	0.208901466	0	0	0	0	0	non
2	2	0.221706485	0	0	0	0	0	non
1	11	0.185982593	0	0	0	0	0	non
2	33	0.216072379	0	0	0	0	0	non
3	41	0.226762858	0	0	0	0	1	non
4	51	0.228186033	0	0	0	0	3	non
1	4	0.195961709	0	0	0	0	2	non
2	22	0.238076622	0	0	0	0	2	non
2	11	0.1885303	0	0	0	0	1	non
2	17	0.224723247	0	0	0	0	2	non
1	13	0.211128445	0	0	0	0	3	non
1	6	0.185805271	0	0	0	0	1	non
2	26	0.229800481	0	0	0	0	0	non
3	26	0.264079354	0	0	0	0	4	non
1	16	0.195599807	0	0	0	0	1	non
2	12	0.227366063	0	0	0	0	0	non
2	38	0.222212087	0	0	0	0	0	non
3	53	0.219202736	0	0	0	0	2	non
1	17	0.203857902	0	0	0	0	0	non
2	16	0.266011466	0	0	0	0	5	non
4	30	0.234965035	0	0	0	0	1	non
1	22	0.207770054	0	0	0	0	0	non
2	8	0.221706485	0	0	0	0	0	non
3	29	0.210326369	0	0	0	0	0	non
7	44	0.240723356	0	0	0	0	0	non
1	19	0.218769645	0	0	0	0	2	non
1	14	0.221464612	0	0	0	0	3	non
1	1	0.200551599	0	0	0	0	0	non
1	7	0.203977392	0	0	0	0	0	non
1	1	0.225346901	0	0	0	0	0	non
2	31	0.213478223	0	0	0	0	2	non
1	17	0.168034766	0	0	0	0	0	non
1	4	0.244247255	0	0	0	0	0	non
2	2	0.230376395	0	0	0	0	0	non
2	14	0.269588313	0	0	0	0	2	non
3	19	0.202881652	0	0	0	0	0	non
1	1	0.225346901	0	0	0	0	0	non
2	22	0.240545078	0	0	0	0	1	non
3	67	0.236035076	0	0	0	0	2	non
1	12	0.225346901	0	0	0	0	2	non
4	95	0.228367864	0	0	0	0	0	non
2	15	0.237658537	0	0	0	0	0	non
1	10	0.198460222	0	0	0	0	2	non
1	1	0.225346901	0	0	0	0	0	non
2	16	0.204800538	0	0	0	0	1	non
1	9	0.147176993	0	0	0	0	3	non
4	37	0.231647014	0	0	0	0	1	non
3	12	0.211522598	0	0	0	0	2	non
1	10	0.222944218	0	0	0	0	2	non
2	10	0.251848023	0	0	0	0	0	non
2	23	0.227812588	0	0	0	0	0	non
2	24	0.265808282	0	0	0	0	5	non
5	83	0.272148363	0	0	0	0	0	non
2	20	0.231823373	0	0	0	0	1	non
1	11	0.217772215	0	0	0	0	2	non
2	18	0.244271747	0	0	0	0	2	non
1	9	0.183661929	0	0	0	0	1	non
2	2	0.249092489	0	0	0	0	0	non
3	32	0.215775721	0	0	0	0	3	non
1	18	0.237820951	0	0	0	0	3	non
2	2	0.259066255	0	0	0	0	0	non
1	7	0.215976594	0	0	0	0	1	non
1	4	0.228882834	0	0	0	0	1	non
3	12	0.235362319	0	0	0	0	1	non
3	40	0.244959525	0	0	0	0	0	non
5	63	0.251159913	0	0	0	0	0	non
1	10	0.18771673	0	0	0	0	0	non
4	66	0.242641566	0	0	0	0	0	non
2	26	0.244283995	0	0	0	0	4	non
2	27	0.265851795	0	0	0	0	0	non
1	8	0.192303138	0	0	0	0	2	non
4	40	0.264495114	0	0	0	0	1	non
2	8	0.208937302	0	0	0	0	1	non
1	12	0.190528333	0	0	0	0	2	non
1	4	0.236700189	0	0	0	0	0	non
1	12	0.214031542	0	0	0	0	0	non
3	62	0.21217664	0	0	0	0	0	non
1	6	0.233098895	0	0	0	0	0	non
1	16	0.202325581	0	0	0	0	0	non
4	73	0.23611515	0	0	0	0	2	non
2	27	0.232320824	0	0	0	0	2	non
3	29	0.245824714	0	0	0	0	1	non
1	1	0.26402211	0	0	0	0	0	non
1	13	0.237820951	0	0	0	0	0	non
1	11	0.20713405	0	0	0	0	2	non
1	19	0.220173536	0	0	0	0	1	non
2	24	0.224764717	0	0	0	0	4	non
1	4	0.26402211	0	0	0	0	2	non
2	24	0.216533333	0	0	0	0	0	non
2	35	0.211826087	0	0	0	0	0	non
2	8	0.249385749	0	0	0	0	0	non
2	39	0.226699549	0	0	0	0	1	non
1	13	0.225149036	0	0	0	0	0	non
2	20	0.252147811	0	0	0	0	1	non
2	17	0.227058769	0	0	0	0	0	non
1	8	0.199541284	0	0	0	0	0	non
1	9	0.228882834	0	0	0	0	1	non
2	15	0.200617665	0	0	0	0	3	non
1	11	0.186103365	0	0	0	0	0	non
3	56	0.2417866	0	0	0	0	2	non
3	44	0.244173808	0	0	0	0	0	non
2	15	0.238741608	0	0	0	0	3	non
4	37	0.228646518	0	0	0	0	2	non
2	23	0.218563546	0	0	0	0	2	non
5	73	0.245576894	0	0	0	0	0	non
6	96	0.254771741	0	0	0	0	0	non
4	48	0.189373032	0	0	0	0	1	non
3	27	0.241164241	0	0	0	0	3	non
3	3	0.235658315	0	0	0	0	0	non
1	8	0.236884329	0	0	0	0	1	non
1	6	0.194026284	0	0	0	0	4	non
3	22	0.266375068	0	0	0	0	3	non
2	33	0.267222466	0	0	0	0	1	non
2	33	0.243077384	0	0	0	0	3	non
2	16	0.232331903	0	0	0	0	1	non
2	38	0.220452489	0	0	0	0	0	non
1	9	0.198840911	0	0	0	0	1	non
1	8	0.20832977	0	0	0	0	2	non
2	44	0.212528355	0	0	0	0	3	non
1	1	0.170474824	0	0	0	0	3	non
3	31	0.225482483	0	0	0	0	2	non
1	9	0.229421737	0	0	0	0	1	non
1	4	0.206861413	0	0	0	0	1	non
1	1	0.186824143	0	0	0	0	0	non
1	8	0.203840843	0	0	0	0	0	non
3	53	0.229908924	0	0	0	0	0	non
2	30	0.215099338	0	0	0	0	2	non
3	39	0.274680047	0	0	0	0	0	non
1	9	0.175656187	0	0	0	0	0	non
1	4	0.191947049	0	0	0	0	0	non
1	4	0.228882834	0	0	0	0	1	non
1	1	0.237588998	0	0	0	0	0	non
4	61	0.234693386	0	0	0	0	0	non
1	14	0.224547172	0	0	0	0	2	non
1	17	0.236700189	0	0	0	0	4	non
1	15	0.220034324	0	0	0	0	2	non
4	55	0.276519666	0	0	0	0	3	non
2	38	0.22482695	0	0	0	0	0	non
5	42	0.242231393	0	0	0	0	0	non
1	7	0.219449574	0	0	0	0	1	non
3	21	0.261851016	0	0	0	0	2	non
1	18	0.209215442	0	0	0	0	3	non
3	34	0.224092728	0	0	0	0	1	non
1	9	0.189424572	0	0	0	0	4	non
1	19	0.221464612	0	0	0	0	3	non
1	1	0.228882834	0	0	0	0	0	non
1	1	0.170010818	0	0	0	0	0	non
2	21	0.235909355	0	0	0	0	1	non
1	10	0.199672131	0	0	0	0	2	non
2	19	0.195137582	0	0	0	0	1	non
3	41	0.235078408	0	0	0	0	0	non
2	28	0.213076755	0	0	0	0	1	non
2	12	0.208838784	0	0	0	0	0	non
1	11	0.194646424	0	0	0	0	1	non
1	8	0.172759831	0	0	0	0	1	non
1	12	0.214852708	0	0	0	0	2	non
1	4	0.186824143	0	0	0	0	3	non
2	20	0.178011619	0	0	0	0	1	non
4	53	0.217170366	0	0	0	0	1	non
2	23	0.225034642	0	0	0	0	0	non
1	15	0.208919383	0	0	0	0	2	non
3	54	0.218720539	0	0	0	0	0	non
1	10	0.216996259	0	0	0	0	2	non
1	13	0.219895288	0	0	0	0	4	non
1	19	0.184853544	0	0	0	0	3	non
1	1	0.224547172	0	0	0	0	0	non
2	2	0.241092637	0	0	0	0	0	non
1	4	0.195914428	0	0	0	0	3	non
1	4	0.26402211	0	0	0	0	0	non
2	31	0.219232327	0	0	0	0	0	non
1	1	0.203186254	0	0	0	0	0	non
2	2	0.245354283	0	0	0	0	0	non
1	15	0.214739069	0	0	0	0	5	non
6	6	0.251991311	0	0	0	0	0	non
2	16	0.214389439	0	0	0	0	0	non
4	50	0.261233244	0	0	0	0	2	non
4	42	0.268178566	0	0	0	0	3	non
2	22	0.240177471	0	0	0	0	2	non
6	77	0.226762858	0	0	0	0	1	non
1	11	0.167918936	0	0	0	0	0	non
1	9	0.26402211	0	0	0	0	1	non
4	48	0.240640126	0	0	0	0	1	non
1	6	0.186824143	0	0	0	0	0	non
1	1	0.224930748	0	0	0	0	0	non
1	13	0.232453838	0	0	0	0	0	non
1	7	0.237820951	0	0	0	0	2	non
1	14	0.224547172	0	0	0	0	1	non
1	6	0.18994152	0	0	0	0	1	non
1	13	0.22970297	0	0	0	0	5	non
2	27	0.191841235	0	0	0	0	1	non
2	18	0.243405276	0	0	0	0	3	non
1	17	0.243563465	0	0	0	0	0	non
2	21	0.24947514	0	0	0	0	0	non
1	6	0.156028823	0	0	0	0	1	non
1	7	0.201672324	0	0	0	0	0	non
2	8	0.231470924	0	0	0	0	0	non
1	14	0.219449574	0	0	0	0	0	non
1	1	0.26402211	0	0	0	0	0	non
2	9	0.235681115	0	0	0	0	0	non
1	6	0.223209786	0	0	0	0	0	non
2	30	0.221102791	0	0	0	0	0	non
1	14	0.237948718	0	0	0	0	3	non
1	13	0.198549189	0	0	0	0	0	non
5	42	0.244332999	0	0	0	0	2	non
6	64	0.239870021	0	0	0	0	4	non
1	12	0.202915452	0	0	0	0	1	non
5	59	0.257791418	0	0	0	0	1	non
1	6	0.237588998	0	0	0	0	0	non
5	47	0.239787381	0	0	0	0	2	non
2	13	0.265041889	0	0	0	0	0	non
1	4	0.178324366	0	0	0	0	0	non
1	1	0.237588998	0	0	0	0	0	non
1	4	0.26402211	0	0	0	0	0	non
1	10	0.204783321	0	0	0	0	0	non
1	16	0.216475607	0	0	0	0	0	non
2	30	0.237380628	0	0	0	0	0	non
1	13	0.225346901	0	0	0	0	0	non
1	11	0.206222222	0	0	0	0	0	non
3	39	0.254067584	0	0	0	0	3	non
3	25	0.237045687	0	0	0	0	2	non
3	38	0.241558828	0	0	0	0	3	non
3	36	0.236953456	0	0	0	0	0	non
1	6	0.26402211	0	0	0	0	1	non
1	1	0.172515138	0	0	0	0	0	non
5	64	0.250914147	0	0	0	0	0	non
4	16	0.240521327	0	0	0	0	0	non
2	36	0.199794956	0	0	0	0	3	non
5	51	0.261626034	0	0	0	0	1	non
3	3	0.261682243	0	0	0	0	0	non
2	28	0.20196493	0	0	0	0	3	non
1	20	0.221223267	0	0	0	0	1	non
1	19	0.228882834	0	0	0	0	2	non
2	36	0.251978278	0	0	0	0	3	non
1	4	0.237588998	0	0	0	0	0	non
1	23	0.225097025	0	0	0	0	1	non
1	4	0.186638063	0	0	0	0	2	non
2	23	0.229843846	0	0	0	0	0	non
1	4	0.203287991	0	0	0	0	1	non
3	31	0.242267529	0	0	0	0	4	non
1	6	0.218818774	0	0	0	0	0	non
1	17	0.189203883	0	0	0	0	3	non
1	4	0.214191506	0	0	0	0	1	non
2	28	0.205586969	0	0	0	0	0	non
1	9	0.190543236	0	0	0	0	3	non
1	15	0.222100656	0	0	0	0	4	non
1	13	0.237588998	0	0	0	0	0	non
2	28	0.231889576	0	0	0	0	1	non
1	11	0.196182653	0	0	0	0	2	non
1	13	0.203050763	0	0	0	0	1	non
2	10	0.236172379	0	0	0	0	1	non
1	1	0.228882834	0	0	0	0	0	non
1	10	0.213796735	0	0	0	0	0	non
1	19	0.237948718	0	0	0	0	0	non
1	4	0.230278395	0	0	0	0	0	non
1	1	0.215976594	0	0	0	0	0	non
2	25	0.208222925	0	0	0	0	1	non
1	12	0.233792408	0	0	0	0	2	non
1	1	0.225346901	0	0	0	0	0	non
2	16	0.214304566	0	0	0	0	0	non
4	58	0.240070957	0	0	0	0	4	non
4	39	0.226488773	0	0	0	0	2	non
4	51	0.236596737	0	0	0	0	1	non
1	21	0.223948518	0	0	0	0	1	non
2	12	0.235943629	0	0	0	0	4	non
2	31	0.201956558	0	0	0	0	0	non
2	9	0.267751154	0	0	0	0	2	non
3	35	0.208829833	0	0	0	0	1	non
2	27	0.241427156	0	0	0	0	1	non
1	6	0.195004803	0	0	0	0	2	non
2	30	0.209377283	0	0	0	0	1	non
2	11	0.231152441	0	0	0	0	0	non
1	5	0.203364361	0	0	0	0	0	non
1	6	0.177855657	0	0	0	0	0	non
1	11	0.241834607	0	0	0	0	2	non
1	10	0.213581167	0	0	0	0	0	non
5	44	0.263707713	0	0	0	0	1	non
1	7	0.184133943	0	0	0	0	2	non
1	7	0.238193018	0	0	0	0	1	non
1	12	0.210599118	0	0	0	0	0	non
1	14	0.179533478	0	0	0	0	1	non
1	12	0.237820951	0	0	0	0	4	non
2	33	0.248761808	0	0	0	0	0	non
1	20	0.211724827	0	0	0	0	2	non
2	20	0.243636545	0	0	0	0	2	non
1	19	0.226446665	0	0	0	0	0	non
1	4	0.213956348	0	0	0	0	0	non
1	11	0.219469345	0	0	0	0	3	non
1	19	0.224547172	0	0	0	0	0	non
3	30	0.208543789	0	0	0	0	1	non
1	1	0.192942854	0	0	0	0	0	non
1	13	0.220732149	0	0	0	0	2	non
1	7	0.189660542	0	0	0	0	0	non
1	15	0.237820951	0	0	0	0	1	non
1	8	0.221464612	0	0	0	0	3	non
5	64	0.244112637	0	0	0	0	3	non
2	12	0.203747073	0	0	0	0	1	non
1	16	0.211018711	0	0	0	0	0	non
3	60	0.230605386	0	0	0	0	1	non
1	12	0.239551578	0	0	0	0	2	non
1	17	0.204843592	0	0	0	0	4	non
6	60	0.274928051	0	0	0	0	2	non
1	9	0.237820951	0	0	0	0	2	non
1	15	0.18373812	0	0	0	0	1	non
1	6	0.26402211	0	0	0	0	0	non
1	16	0.233098895	0	0	0	0	3	non
1	12	0.204619908	0	0	0	0	2	non
2	10	0.219915139	0	0	0	0	2	non
2	2	0.192790155	0	0	0	0	0	non
3	32	0.273508112	0	0	0	0	5	non
1	4	0.201697371	0	0	0	0	1	non
1	6	0.181054666	0	0	0	0	1	non
2	26	0.236355698	0	0	0	0	0	non
1	9	0.162043504	0	0	0	0	2	non
4	57	0.237265024	0	0	0	0	2	non
3	27	0.2719357	0	0	0	0	1	non
1	19	0.201264097	0	0	0	0	0	non
1	14	0.230999004	0	0	0	0	3	non
1	12	0.238053357	0	0	0	0	0	non
4	67	0.246733516	0	0	0	0	4	non
4	76	0.247901084	0	0	0	0	3	non
1	12	0.198105152	0	0	0	0	0	non
4	66	0.233837293	0	0	0	0	0	non
4	47	0.256178357	0	0	0	0	0	non
2	2	0.264380291	0	0	0	0	0	non
2	25	0.221363987	0	0	0	0	2	non
1	1	0.173498095	0	0	0	0	0	non
1	1	0.26402211	0	0	0	0	0	non
5	71	0.222638578	0	0	0	0	3	non
2	26	0.273017652	0	0	0	0	1	non
1	19	0.243563465	0	0	0	0	1	non
3	26	0.212121212	0	0	0	0	0	non
1	4	0.196570506	0	0	0	0	2	non
2	23	0.226868452	0	0	0	0	0	non
1	10	0.237588998	0	0	0	0	0	non
3	21	0.230387289	0	0	0	0	0	non
3	16	0.230900474	0	0	0	0	1	non
3	31	0.231536926	0	0	0	0	2	non
3	3	0.271784001	0	0	0	0	0	non
3	26	0.215880893	0	0	0	0	0	non
1	10	0.22745098	0	0	0	0	1	non
1	13	0.193787041	0	0	0	0	0	non
1	10	0.244247255	0	0	0	0	2	non
1	11	0.225346901	0	0	0	0	4	non
1	5	0.26402211	0	0	0	0	2	non
1	1	0.192637697	0	0	0	0	0	non
2	20	0.213806118	0	0	0	0	3	non
1	1	0.26402211	0	0	0	0	0	non
2	2	0.20367893	0	0	0	0	0	non
1	11	0.231075697	0	0	0	0	1	non
1	19	0.211018711	0	0	0	0	0	non
2	27	0.240070957	0	0	0	0	5	non
3	42	0.195192308	0	0	0	0	0	non
1	11	0.217908579	0	0	0	0	1	non
1	1	0.192477876	0	0	0	0	0	non
1	4	0.244247255	0	0	0	0	2	non
3	33	0.245713133	0	0	0	0	1	non
2	17	0.222425128	0	0	0	0	1	non
2	24	0.246508804	0	0	0	0	1	non
2	26	0.234919716	0	0	0	0	3	non
1	10	0.211770842	0	0	0	0	3	non
1	9	0.195678368	0	0	0	0	0	non
1	14	0.219064748	0	0	0	0	0	non
1	13	0.222100656	0	0	0	0	2	non
2	16	0.184685368	0	0	0	0	1	non
1	13	0.243563465	0	0	0	0	2	non
2	18	0.214871659	0	0	0	0	2	non
2	21	0.242315727	0	0	0	0	2	non
2	8	0.247447814	0	0	0	0	0	non
1	10	0.177849164	0	0	0	0	2	non
4	45	0.245329573	0	0	0	0	0	non
1	6	0.180551438	0	0	0	0	1	non
2	23	0.245948811	0	0	0	0	2	non
3	3	0.265431762	0	0	0	0	0	non
2	33	0.230398184	0	0	0	0	4	non
3	27	0.251082251	0	0	0	0	1	non
1	11	0.202342387	0	0	0	0	3	non
1	10	0.200940361	0	0	0	0	1	non
2	8	0.208937302	0	0	0	0	0	non
2	16	0.204869434	0	0	0	0	0	non
2	26	0.213086074	0	0	0	0	4	non
1	1	0.207248596	0	0	0	0	0	non
3	35	0.236470417	0	0	0	0	0	non
1	1	0.189623633	0	0	0	0	0	non
1	9	0.207248596	0	0	0	0	1	non
2	21	0.221122861	0	0	0	0	0	non
2	12	0.202015176	0	0	0	0	1	non
2	2	0.231569942	0	0	0	0	0	non
1	13	0.189424572	0	0	0	0	0	non
2	27	0.214909572	0	0	0	0	1	non
2	17	0.234039487	0	0	0	0	0	non
4	47	0.270817121	0	0	0	0	2	non
1	10	0.239222233	0	0	0	0	0	non
1	14	0.198435973	0	0	0	0	5	non
1	19	0.178481152	0	0	0	0	4	non
5	51	0.258612453	0	0	0	0	2	non
1	14	0.206519435	0	0	0	0	1	non
4	35	0.172570133	0	0	0	0	0	non
1	1	0.237820951	0	0	0	0	0	non
1	15	0.228111246	0	0	0	0	0	non
4	24	0.222283055	0	0	0	0	3	non
1	9	0.189057043	0	0	0	0	2	non
3	18	0.266812705	0	0	0	0	1	non
4	76	0.241295627	0	0	0	0	1	non
1	9	0.190267906	0	0	0	0	1	non
1	12	0.230278395	0	0	0	0	2	non
1	6	0.26402211	0	0	0	0	1	non
1	6	0.197727273	0	0	0	0	1	non
1	15	0.238193018	0	0	0	0	0	non
1	4	0.201822701	0	0	0	0	0	non
1	13	0.221022547	0	0	0	0	0	non
1	12	0.205482919	0	0	0	0	0	non
1	17	0.22043254	0	0	0	0	0	non
2	39	0.204929755	0	0	0	0	3	non
4	52	0.252906977	0	0	0	0	4	non
4	32	0.245564516	0	0	0	0	2	non
3	42	0.24504577	0	0	0	0	1	non
3	7	0.21071753	0	0	0	0	1	non
2	11	0.221072693	0	0	0	0	1	non
2	18	0.229919773	0	0	0	0	2	non
1	10	0.219192874	0	0	0	0	1	non
1	10	0.202224805	0	0	0	0	0	non
1	16	0.196959897	0	0	0	0	3	non
3	34	0.227738045	0	0	0	0	0	non
1	4	0.26402211	0	0	0	0	1	non
1	9	0.215603841	0	0	0	0	0	non
4	26	0.273446708	0	0	0	0	0	non
3	35	0.241822604	0	0	0	0	2	non
1	7	0.217228464	0	0	0	0	0	non
1	17	0.220034324	0	0	0	0	0	non
2	20	0.177933604	0	0	0	0	1	non
1	10	0.192553948	0	0	0	0	1	non
1	15	0.166467352	0	0	0	0	0	non
2	28	0.225649576	0	0	0	0	1	non
4	52	0.22747222	0	0	0	0	1	non
6	61	0.234320893	0	0	0	0	1	non
1	14	0.199182339	0	0	0	0	0	non
1	10	0.243563465	0	0	0	0	1	non
3	3	0.27309417	0	0	0	0	0	non
2	28	0.237392194	0	0	0	0	4	non
2	14	0.214531044	0	0	0	0	2	non
2	18	0.219806	0	0	0	0	0	non
1	5	0.243563465	0	0	0	0	0	non
2	2	0.212472743	0	0	0	0	0	non
3	36	0.233915882	0	0	0	0	0	non
1	19	0.181581007	0	0	0	0	0	non
1	20	0.189049707	0	0	0	0	0	non
1	13	0.238053357	0	0	0	0	0	non
3	12	0.251600909	0	0	0	0	0	non
3	3	0.251134021	0	0	0	0	0	non
1	13	0.219390282	0	0	0	0	1	non
1	11	0.225346901	0	0	0	0	0	non
3	28	0.224392041	0	0	0	0	3	non
2	11	0.264050729	0	0	0	0	0	non
1	10	0.195411519	0	0	0	0	1	non
2	18	0.233725114	0	0	0	0	0	non
2	36	0.250256832	0	0	0	0	2	non
1	8	0.208713533	0	0	0	0	0	non
2	17	0.238216311	0	0	0	0	1	non
1	13	0.204619908	0	0	0	0	1	non
1	11	0.243563465	0	0	0	0	2	non
5	57	0.249602951	0	0	0	0	3	non
1	4	0.231900614	0	0	0	0	1	non
1	12	0.176049722	0	0	0	0	1	non
2	2	0.223783933	0	0	0	0	0	non
1	15	0.205033246	0	0	0	0	5	non
1	1	0.243563465	0	0	0	0	0	non
2	24	0.244602872	0	0	0	0	2	non
2	27	0.220632189	0	0	0	0	0	non
1	14	0.232265446	0	0	0	0	3	non
1	11	0.237820951	0	0	0	0	4	non
3	33	0.236321304	0	0	0	0	5	non
2	16	0.220452489	0	0	0	0	3	non
1	13	0.232453838	0	0	0	0	3	non
1	1	0.230605386	0	0	0	0	0	non
1	8	0.199492261	0	0	0	0	1	non
2	18	0.238216311	0	0	0	0	1	non
2	2	0.244787218	0	0	0	0	0	non
2	10	0.266200415	0	0	0	0	0	non
1	24	0.206178587	0	0	0	0	3	non
1	14	0.180164189	0	0	0	0	1	non
1	1	0.20758415	0	0	0	0	0	non
1	5	0.26402211	0	0	0	0	2	non
1	17	0.128987848	0	0	0	0	5	non
4	42	0.231955818	0	0	0	0	2	non
3	24	0.247021244	0	0	0	0	3	non
4	58	0.251548947	0	0	0	0	0	non
3	43	0.239929085	0	0	0	0	2	non
3	22	0.244713446	0	0	0	0	0	non
1	11	0.207283867	0	0	0	0	1	non
2	20	0.215470346	0	0	0	0	0	non
2	15	0.184867572	0	0	0	0	1	non
2	26	0.248002036	0	0	0	0	2	non
3	15	0.218113444	0	0	0	0	0	non
1	13	0.197831648	0	0	0	0	2	non
1	12	0.22745098	0	0	0	0	1	non
1	14	0.243563465	0	0	0	0	0	non
1	10	0.196808726	0	0	0	0	0	non
1	1	0.204619908	0	0	0	0	0	non
2	25	0.208722475	0	0	0	0	1	non
1	6	0.194026284	0	0	0	0	0	non
2	8	0.27243751	0	0	0	0	0	non
1	5	0.227429745	0	0	0	0	0	non
5	49	0.277480351	0	0	0	0	1	non
1	16	0.187190226	0	0	0	0	0	non
4	60	0.220322887	0	0	0	0	0	non
1	11	0.244247255	0	0	0	0	0	non
1	9	0.18830441	0	0	0	0	1	non
1	12	0.16967333	0	0	0	0	2	non
1	9	0.227429745	0	0	0	0	2	non
2	24	0.239210488	0	0	0	0	1	non
1	11	0.243563465	0	0	0	0	0	non
3	28	0.228464244	0	0	0	0	1	non
1	6	0.212602548	0	0	0	0	0	non
1	4	0.209089739	0	0	0	0	0	non
2	20	0.218074392	0	0	0	0	1	non
4	77	0.255493209	0	0	0	0	3	non
1	10	0.218818774	0	0	0	0	0	non
2	25	0.213918771	0	0	0	0	3	non
4	57	0.254572056	0	0	0	0	0	non
1	6	0.217228464	0	0	0	0	1	non
1	24	0.194397893	0	0	0	0	3	non
3	38	0.253327787	0	0	0	0	3	non
3	28	0.245132075	0	0	0	0	1	non
3	32	0.21312336	0	0	0	0	2	non
2	38	0.215804394	0	0	0	0	0	non
2	2	0.231229236	0	0	0	0	0	non
1	11	0.186167367	0	0	0	0	2	non
2	26	0.220602219	0	0	0	0	1	non
2	28	0.17380757	0	0	0	0	0	non
3	12	0.272559441	0	0	0	0	0	non
2	34	0.22459893	0	0	0	0	0	non
1	13	0.220912306	0	0	0	0	0	non
1	1	0.196443692	0	0	0	0	0	non
3	40	0.234636872	0	0	0	0	1	non
1	10	0.212047354	0	0	0	0	1	non
1	11	0.193356352	0	0	0	0	2	non
1	14	0.218514532	0	0	0	0	0	non
2	23	0.2265625	0	0	0	0	1	non
2	16	0.197039554	0	0	0	0	1	non
5	20	0.250849552	0	0	0	0	0	non
1	4	0.208919383	0	0	0	0	0	non
1	12	0.19107381	0	0	0	0	1	non
1	10	0.196340775	0	0	0	0	2	non
1	4	0.183814375	0	0	0	0	1	non
2	38	0.245601653	0	0	0	0	0	non
2	13	0.229681312	0	0	0	0	1	non
1	12	0.223312096	0	0	0	0	1	non
1	1	0.228882834	0	0	0	0	0	non
3	12	0.24217119	0	0	0	0	0	non
1	7	0.203627853	0	0	0	0	1	non
1	12	0.222506394	0	0	0	0	5	non
2	28	0.23003919	0	0	0	0	4	non
1	12	0.208401061	0	0	0	0	5	non
1	5	0.26402211	0	0	0	0	1	non
1	13	0.215384615	0	0	0	0	1	non
1	15	0.228303655	0	0	0	0	4	non
1	13	0.230605386	0	0	0	0	1	non
1	1	0.223312096	0	0	0	0	0	non
1	9	0.208686713	0	0	0	0	2	non
1	14	0.163320036	0	0	0	0	0	non
2	2	0.238823529	0	0	0	0	0	non
1	5	0.243563465	0	0	0	0	0	non
1	6	0.194630872	0	0	0	0	0	non
1	9	0.217577706	0	0	0	0	3	non
2	8	0.237820951	0	0	0	0	0	non
2	36	0.218123209	0	0	0	0	4	non
2	2	0.232887189	0	0	0	0	0	non
1	10	0.244811819	0	0	0	0	3	non
2	26	0.24013012	0	0	0	0	2	non
1	20	0.2237531	0	0	0	0	0	non
1	11	0.2237531	0	0	0	0	0	non
2	5	0.202957717	0	0	0	0	1	non
1	12	0.210599118	0	0	0	0	2	non
5	57	0.230791094	0	0	0	0	3	non
4	55	0.247397552	0	0	0	0	0	non
1	15	0.214304566	0	0	0	0	1	non
3	39	0.203764115	0	0	0	0	2	non
2	26	0.249360221	0	0	0	0	4	non
2	21	0.234422364	0	0	0	0	0	non
2	2	0.264797	0	0	0	0	0	non
2	30	0.221847821	0	0	0	0	0	non
1	4	0.231900614	0	0	0	0	2	non
1	14	0.216552582	0	0	0	0	0	non
2	23	0.230911418	0	0	0	0	4	non
1	11	0.243563465	0	0	0	0	2	non
3	18	0.258173918	0	0	0	0	0	non
2	27	0.264236902	0	0	0	0	4	non
1	7	0.243563465	0	0	0	0	0	non
1	10	0.225764597	0	0	0	0	0	non
1	13	0.230999004	0	0	0	0	1	non
1	9	0.164211804	0	0	0	0	4	non
2	40	0.212621105	0	0	0	0	1	non
1	11	0.241570805	0	0	0	0	2	non
5	83	0.249628529	0	0	0	0	2	non
2	25	0.239504474	0	0	0	0	0	non
2	2	0.238181374	0	0	0	0	0	non
2	29	0.22528438	0	0	0	0	1	non
1	1	0.238053357	0	0	0	0	0	non
4	63	0.241223944	0	0	0	0	0	non
1	1	0.228882834	0	0	0	0	0	non
2	24	0.243125904	0	0	0	0	3	non
1	19	0.217325364	0	0	0	0	0	non
2	22	0.196697485	0	0	0	0	2	non
2	31	0.237774524	0	0	0	0	4	non
1	12	0.209737828	0	0	0	0	3	non
1	18	0.229778805	0	0	0	0	2	non
1	1	0.238053357	0	0	0	0	0	non
1	10	0.166007905	0	0	0	0	1	non
3	12	0.248787213	0	0	0	0	1	non
2	31	0.241678655	0	0	0	0	1	non
1	11	0.206283343	0	0	0	0	0	non
1	15	0.224547172	0	0	0	0	2	non
2	35	0.187904968	0	0	0	0	1	non
1	9	0.196324952	0	0	0	0	0	non
2	8	0.229454152	0	0	0	0	1	non
1	1	0.26402211	0	0	0	0	0	non
1	10	0.221223267	0	0	0	0	1	non
2	29	0.229324547	0	0	0	0	3	non
1	13	0.176298173	0	0	0	0	0	non
4	36	0.24083045	0	0	0	0	3	non
1	10	0.196459535	0	0	0	0	0	non
1	1	0.194661979	0	0	0	0	0	non
1	4	0.231075697	0	0	0	0	0	non
1	12	0.236700189	0	0	0	0	0	non
1	10	0.238053357	0	0	0	0	0	non
1	22	0.208133971	0	0	0	0	0	non
1	7	0.217228464	0	0	0	0	4	non
6	78	0.252461395	0	0	0	0	0	non
1	14	0.222252634	0	0	0	0	1	non
4	53	0.256718305	0	0	0	0	1	non
1	6	0.26402211	0	0	0	0	0	non
6	75	0.235601335	0	0	0	0	0	non
1	18	0.20124747	0	0	0	0	3	non
1	16	0.190819364	0	0	0	0	0	non
1	8	0.238053357	0	0	0	0	0	non
1	11	0.236700189	0	0	0	0	0	non
1	19	0.211018711	0	0	0	0	0	non
2	8	0.192858839	0	0	0	0	0	non
2	32	0.238554571	0	0	0	0	1	non
2	23	0.240854261	0	0	0	0	1	non
2	2	0.244676577	0	0	0	0	0	non
2	31	0.211146745	0	0	0	0	2	non
3	56	0.215108835	0	0	0	0	2	non
2	30	0.148085106	0	0	0	0	4	non
1	11	0.200518583	0	0	0	0	0	non
1	27	0.198678737	0	0	0	0	3	non
1	11	0.220602219	0	0	0	0	3	non
2	21	0.220672162	0	0	0	0	3	non
1	14	0.17268635	0	0	0	0	1	non
1	10	0.196340775	0	0	0	0	0	non
2	34	0.210936485	0	0	0	0	0	non
1	19	0.174830445	0	0	0	0	1	non
2	8	0.264466399	0	0	0	0	0	non
1	4	0.236700189	0	0	0	0	0	non
2	20	0.223332569	0	0	0	0	0	non
3	44	0.233814849	0	0	0	0	0	non
2	15	0.219568255	0	0	0	0	1	non
1	1	0.195882921	0	0	0	0	1	non
1	9	0.231075697	0	0	0	0	2	non
5	80	0.247033769	0	0	0	0	3	non
1	1	0.244247255	0	0	0	0	0	non
1	1	0.213871817	0	0	0	0	0	non
1	1	0.26402211	0	0	0	0	0	non
1	10	0.186259892	0	0	0	0	1	non
1	8	0.203857902	0	0	0	0	2	non
1	6	0.239222233	0	0	0	0	4	non
3	51	0.243795036	0	0	0	0	0	non
7	76	0.232909456	0	0	0	0	1	non
2	20	0.207876435	0	0	0	0	2	non
1	11	0.214069159	0	0	0	0	3	non
1	13	0.199345336	0	0	0	0	1	non
1	1	0.237820951	0	0	0	0	0	non
1	4	0.209269361	0	0	0	0	3	non
1	11	0.205665077	0	0	0	0	3	non
2	38	0.217519421	0	0	0	0	0	non
1	9	0.26402211	0	0	0	0	0	non
2	20	0.24509508	0	0	0	0	0	non
1	12	0.223712003	0	0	0	0	1	non
3	23	0.276300119	0	0	0	0	2	non
3	29	0.235783768	0	0	0	0	1	non
1	6	0.203008459	0	0	0	0	3	non
6	59	0.257996187	0	0	0	0	3	non
3	40	0.241080707	0	0	0	0	0	non
1	19	0.182103611	0	0	0	0	5	non
2	2	0.266127711	0	0	0	0	0	non
3	15	0.246908575	0	0	0	0	1	non
2	31	0.225942587	0	0	0	0	3	non
2	27	0.272635702	0	0	0	0	1	non
2	11	0.215947875	0	0	0	0	0	non
1	1	0.176266281	0	0	0	0	0	non
1	10	0.244247255	0	0	0	0	0	non
1	1	0.19256917	0	0	0	0	0	non
2	27	0.220602219	0	0	0	0	1	non
2	24	0.251821988	0	0	0	0	1	non
1	4	0.161683204	0	0	0	0	1	non
5	58	0.228743133	0	0	0	0	0	non
5	37	0.260479042	0	0	0	0	3	non
1	9	0.238053357	0	0	0	0	1	non
1	10	0.219449574	0	0	0	0	3	non
2	8	0.240901899	0	0	0	0	0	non
1	10	0.172106825	0	0	0	0	0	non
3	19	0.268370607	0	0	0	0	0	non
1	4	0.174598624	0	0	0	0	0	non
1	1	0.199672131	0	0	0	0	0	non
1	10	0.204114123	0	0	0	0	3	non
1	8	0.195560551	0	0	0	0	0	non
3	12	0.23629838	0	0	0	0	1	non
1	10	0.238053357	0	0	0	0	1	non
3	12	0.2287861	0	0	0	0	0	non
3	23	0.208499165	0	0	0	0	1	non
2	20	0.199288256	0	0	0	0	1	non
2	23	0.264782609	0	0	0	0	1	non
2	17	0.231900614	0	0	0	0	0	non
1	4	0.172833375	0	0	0	0	3	non
2	11	0.267868925	0	0	0	0	3	non
2	41	0.220352782	0	0	0	0	1	non
4	60	0.248470012	0	0	0	0	2	non
1	10	0.163281721	0	0	0	0	1	non
2	8	0.273262662	0	0	0	0	1	non
1	8	0.236884329	0	0	0	0	1	non
1	1	0.244247255	0	0	0	0	0	non
3	23	0.239245728	0	0	0	0	1	non
1	1	0.189057043	0	0	0	0	0	non
4	4	0.254638583	0	0	0	0	0	non
5	81	0.243223004	0	0	0	0	1	non
2	25	0.255560218	0	0	0	0	3	non
1	4	0.186402418	0	0	0	0	1	non
3	41	0.209602478	0	0	0	0	3	non
2	32	0.215460817	0	0	0	0	0	non
1	6	0.215699296	0	0	0	0	2	non
1	4	0.26402211	0	0	0	0	0	non
1	12	0.218867925	0	0	0	0	2	non
1	11	0.243563465	0	0	0	0	0	non
1	1	0.197542878	0	0	0	0	0	non
1	1	0.201280727	0	0	0	0	1	non
2	19	0.234659474	0	0	0	0	2	non
3	26	0.228335755	0	0	0	0	3	non
2	34	0.221494817	0	0	0	0	1	non
1	9	0.202932356	0	0	0	0	4	non
2	26	0.217519421	0	0	0	0	2	non
1	7	0.215213358	0	0	0	0	0	non
2	22	0.237207264	0	0	0	0	2	non
1	8	0.26402211	0	0	0	0	2	non
8	110	0.242895603	0	0	0	0	2	non
1	1	0.199541284	0	0	0	0	0	non
1	10	0.217335058	0	0	0	0	3	non
2	10	0.217112299	0	0	0	0	0	non
1	11	0.210890832	0	0	0	0	1	non
4	36	0.214644462	0	0	0	0	0	non
3	26	0.257559738	0	0	0	0	0	non
1	24	0.176387531	0	0	0	0	4	non
3	44	0.22257755	0	0	0	0	5	non
4	55	0.267795306	0	0	0	0	2	non
1	10	0.193471527	0	0	0	0	3	non
1	12	0.236884329	0	0	0	0	0	non
1	1	0.238053357	0	0	0	0	0	non
1	11	0.177687005	0	0	0	0	3	non
3	44	0.226615191	0	0	0	0	0	non
2	2	0.226836763	0	0	0	0	0	non
4	53	0.243563465	0	0	0	0	1	non
3	39	0.232309746	0	0	0	0	3	non
1	13	0.239222233	0	0	0	0	2	non
3	29	0.21402214	0	0	0	0	2	non
1	12	0.238053357	0	0	0	0	2	non
3	32	0.228432108	0	0	0	0	0	non
1	10	0.215651558	0	0	0	0	1	non
2	2	0.245243129	0	0	0	0	0	non
6	79	0.246222267	0	0	0	0	0	non
3	50	0.221857923	0	0	0	0	1	non
4	4	0.271677912	0	0	0	0	0	non
3	35	0.219746516	0	0	0	0	4	non
1	11	0.176240776	0	0	0	0	1	non
3	31	0.229778805	0	0	0	0	1	non
1	6	0.26402211	0	0	0	0	3	non
1	1	0.217228464	0	0	0	0	0	non
1	13	0.218867925	0	0	0	0	3	non
1	12	0.230093511	0	0	0	0	0	non
1	1	0.195914428	0	0	0	0	0	non
1	14	0.230093511	0	0	0	0	0	non
1	10	0.200940361	0	0	0	0	3	non
3	3	0.212519084	0	0	0	0	0	non
1	17	0.218123209	0	0	0	0	0	non
2	30	0.216408297	0	0	0	0	2	non
3	30	0.239858212	0	0	0	0	5	non
1	10	0.198177677	0	0	0	0	0	non
1	5	0.212871936	0	0	0	0	0	non
1	9	0.19175063	0	0	0	0	2	non
4	20	0.267662894	0	0	0	0	1	non
1	1	0.191743083	0	0	0	0	0	non
2	21	0.264840183	0	0	0	0	2	non
2	17	0.224868457	0	0	0	0	2	non
1	10	0.209215442	0	0	0	0	3	non
2	22	0.21321663	0	0	0	0	0	non
2	12	0.243819437	0	0	0	0	0	non
3	3	0.237241917	0	0	0	0	0	non
1	17	0.209089739	0	0	0	0	0	non
2	38	0.222212087	0	0	0	0	0	non
5	57	0.238484507	0	0	0	0	1	non
1	9	0.26402211	0	0	0	0	1	non
2	14	0.26417959	0	0	0	0	3	non
1	4	0.239222233	0	0	0	0	1	non
2	12	0.222852438	0	0	0	0	4	non
1	20	0.230922362	0	0	0	0	3	non
1	4	0.231900614	0	0	0	0	0	non
5	52	0.282336579	0	0	0	0	3	non
3	58	0.222516556	0	0	0	0	0	non
1	10	0.215508471	0	0	0	0	0	non
1	9	0.213179312	0	0	0	0	2	non
1	10	0.177370031	0	0	0	0	2	non
1	15	0.202342387	0	0	0	0	3	non
2	20	0.216793486	0	0	0	0	3	non
1	10	0.243563465	0	0	0	0	0	non
1	1	0.186402418	0	0	0	0	0	non
2	21	0.228068533	0	0	0	0	1	non
1	12	0.218966292	0	0	0	0	2	non
1	13	0.173498095	0	0	0	0	0	non
1	15	0.220912306	0	0	0	0	0	non
2	12	0.233121202	0	0	0	0	0	non
1	10	0.244247255	0	0	0	0	3	non
2	23	0.248609481	0	0	0	0	1	non
3	38	0.217480582	0	0	0	0	3	non
1	11	0.201697371	0	0	0	0	2	non
1	6	0.22135393	0	0	0	0	2	non
2	26	0.227440362	0	0	0	0	3	non
1	7	0.217228464	0	0	0	0	1	non
4	50	0.250385446	0	0	0	0	0	non
1	5	0.208633094	0	0	0	0	0	non
2	42	0.236447464	0	0	0	0	0	non
4	62	0.260590501	0	0	0	0	2	non
1	22	0.209449293	0	0	0	0	0	non
1	4	0.196380346	0	0	0	0	0	non
2	31	0.213684211	0	0	0	0	0	non
3	51	0.235840836	0	0	0	0	2	non
2	36	0.239175258	0	0	0	0	0	non
1	1	0.205301083	0	0	0	0	0	non
1	9	0.181506594	0	0	0	0	1	non
1	8	0.26402211	0	0	0	0	2	non
2	13	0.213975142	0	0	0	0	1	non
3	35	0.246048179	0	0	0	0	2	non
2	37	0.249398515	0	0	0	0	0	non
3	40	0.237161077	0	0	0	0	0	non
1	10	0.221676222	0	0	0	0	1	non
2	28	0.247875859	0	0	0	0	1	non
1	17	0.196443692	0	0	0	0	0	non
1	12	0.213975142	0	0	0	0	1	non
1	10	0.206747295	0	0	0	0	1	non
1	1	0.189057043	0	0	0	0	1	non
2	32	0.216774194	0	0	0	0	3	non
3	35	0.244443329	0	0	0	0	1	non
1	9	0.219449574	0	0	0	0	2	non
1	1	0.243563465	0	0	0	0	0	non
4	40	0.256340103	0	0	0	0	1	non
3	39	0.25277576	0	0	0	0	0	non
2	24	0.212695364	0	0	0	0	0	non
3	23	0.25143211	0	0	0	0	1	non
1	19	0.225586887	0	0	0	0	0	non
1	4	0.26402211	0	0	0	0	1	non
1	11	0.190684932	0	0	0	0	4	non
3	29	0.228239483	0	0	0	0	0	non
1	16	0.241834607	0	0	0	0	1	non
1	6	0.196999717	0	0	0	0	1	non
3	16	0.271541634	0	0	0	0	1	non
1	10	0.201981676	0	0	0	0	0	non
1	10	0.229800481	0	0	0	0	1	non
2	22	0.271617327	0	0	0	0	3	non
2	18	0.245948811	0	0	0	0	1	non
1	6	0.190684932	0	0	0	0	3	non
1	10	0.181987972	0	0	0	0	0	non
1	19	0.227578475	0	0	0	0	0	non
4	44	0.239551578	0	0	0	0	0	non
1	9	0.216803133	0	0	0	0	0	non
2	38	0.222212087	0	0	0	0	0	non
3	31	0.193740804	0	0	0	0	0	non
3	38	0.240711462	0	0	0	0	1	non
3	34	0.241534877	0	0	0	0	2	non
8	124	0.240770941	0	0	0	0	4	non
1	13	0.227429745	0	0	0	0	0	non
1	4	0.155899011	0	0	0	0	2	non
1	13	0.230278395	0	0	0	0	1	non
1	7	0.26402211	0	0	0	0	4	non
2	43	0.229930624	0	0	0	0	1	non
3	54	0.224041203	0	0	0	0	1	non
2	16	0.242944051	0	0	0	0	1	non
3	38	0.221313709	0	0	0	0	2	non
1	4	0.214900093	0	0	0	0	0	non
2	18	0.227951153	0	0	0	0	1	non
2	25	0.225138632	0	0	0	0	0	non
1	20	0.243563465	0	0	0	0	0	non
1	4	0.201697371	0	0	0	0	1	non
2	12	0.183655006	0	0	0	0	1	non
3	51	0.249334698	0	0	0	0	2	non
2	13	0.271511369	0	0	0	0	2	non
2	2	0.237357498	0	0	0	0	0	non
1	4	0.183793572	0	0	0	0	0	non
2	14	0.236573759	0	0	0	0	3	non
2	17	0.230082645	0	0	0	0	3	non
1	10	0.22461964	0	0	0	0	0	non
1	12	0.199541284	0	0	0	0	1	non
1	28	0.185918718	0	0	0	0	0	non
4	62	0.234377255	0	0	0	0	2	non
3	33	0.246309403	0	0	0	0	1	non
1	15	0.22970297	0	0	0	0	3	non
1	18	0.236884329	0	0	0	0	4	non
1	10	0.227429745	0	0	0	0	0	non
1	4	0.185395182	0	0	0	0	0	non
1	6	0.224	0	0	0	0	1	non
3	29	0.224640354	0	0	0	0	0	non
1	9	0.183661929	0	0	0	0	1	non
1	10	0.196412014	0	0	0	0	2	non
2	2	0.264093669	0	0	0	0	0	non
1	1	0.26402211	0	0	0	0	0	non
1	10	0.214313993	0	0	0	0	1	non
1	18	0.236884329	0	0	0	0	1	non
2	24	0.245329573	0	0	0	0	2	non
4	46	0.21034453	0	0	0	0	2	non
1	4	0.26402211	0	0	0	0	1	non
1	1	0.175277018	0	0	0	0	1	non
1	10	0.211339088	0	0	0	0	0	non
2	31	0.239081362	0	0	0	0	2	non
2	2	0.194584232	0	0	0	0	2	non
1	4	0.224175217	0	0	0	0	1	non
3	39	0.255479811	0	0	0	0	0	non
3	3	0.264552563	0	0	0	0	0	non
3	24	0.265157287	0	0	0	0	1	non
1	14	0.216976931	0	0	0	0	2	non
1	14	0.217325364	0	0	0	0	0	non
1	8	0.238053357	0	0	0	0	0	non
2	27	0.216331424	0	0	0	0	1	non
3	39	0.229421737	0	0	0	0	2	non
1	1	0.243563465	0	0	0	0	0	non
2	21	0.240533202	0	0	0	0	0	non
1	16	0.200469078	0	0	0	0	4	non
1	12	0.203474774	0	0	0	0	3	non
1	4	0.26402211	0	0	0	0	2	non
1	12	0.197767404	0	0	0	0	1	non
1	10	0.176874206	0	0	0	0	3	non
1	12	0.21168803	0	0	0	0	3	non
1	11	0.192897019	0	0	0	0	2	non
4	42	0.254492269	0	0	0	0	1	non
5	45	0.254545455	0	0	0	0	0	non
1	9	0.26402211	0	0	0	0	4	non
2	29	0.215203852	0	0	0	0	2	non
4	54	0.231977907	0	0	0	0	0	non
1	12	0.200469078	0	0	0	0	4	non
3	54	0.241594763	0	0	0	0	3	non
2	34	0.233680272	0	0	0	0	3	non
1	1	0.232265446	0	0	0	0	0	non
2	2	0.264107985	0	0	0	0	0	non
1	19	0.220034324	0	0	0	0	1	non
2	23	0.23378119	0	0	0	0	2	non
1	12	0.203347385	0	0	0	0	0	non
2	32	0.232265446	0	0	0	0	2	non
2	20	0.213918771	0	0	0	0	1	non
1	10	0.190082322	0	0	0	0	5	non
1	1	0.243563465	0	0	0	0	0	non
1	7	0.227037607	0	0	0	0	0	non
2	32	0.243734054	0	0	0	0	0	non
1	10	0.199835931	0	0	0	0	0	non
2	28	0.197743323	0	0	0	0	0	non
1	12	0.184245358	0	0	0	0	0	non
2	2	0.218534135	0	0	0	0	0	non
2	28	0.242593238	0	0	0	0	0	non
2	26	0.217247837	0	0	0	0	3	non
1	10	0.202983085	0	0	0	0	2	non
5	67	0.239976357	0	0	0	0	5	non
2	21	0.229573085	0	0	0	0	0	non
3	54	0.223148445	0	0	0	0	4	non
1	12	0.22745098	0	0	0	0	2	non
6	70	0.245874338	0	0	0	0	0	non
2	10	0.200271303	0	0	0	0	4	non
1	13	0.211918225	0	0	0	0	3	non
1	10	0.214786404	0	0	0	0	2	non
1	19	0.207787777	0	0	0	0	2	non
1	14	0.189035037	0	0	0	0	0	non
2	2	0.23923398	0	0	0	0	0	non
1	20	0.199893325	0	0	0	0	0	non
2	30	0.233344509	0	0	0	0	1	non
2	32	0.218976134	0	0	0	0	0	non
2	25	0.20877614	0	0	0	0	0	non
1	17	0.203551285	0	0	0	0	0	non
2	13	0.229540636	0	0	0	0	1	non
3	12	0.244075948	0	0	0	0	0	non
2	21	0.228057857	0	0	0	0	2	non
3	37	0.234953704	0	0	0	0	0	non
1	7	0.244247255	0	0	0	0	3	non
1	16	0.243563465	0	0	0	0	3	non
2	33	0.216379463	0	0	0	0	0	non
3	26	0.242014803	0	0	0	0	1	non
3	12	0.230311052	0	0	0	0	0	non
3	12	0.227897839	0	0	0	0	0	non
3	55	0.23378119	0	0	0	0	0	non
1	10	0.197767404	0	0	0	0	0	non
1	20	0.229421737	0	0	0	0	0	non
1	1	0.21412561	0	0	0	0	0	non
2	23	0.205283782	0	0	0	0	2	non
3	36	0.238426152	0	0	0	0	3	non
3	60	0.233601841	0	0	0	0	2	non
1	1	0.238053357	0	0	0	0	0	non
1	1	0.243563465	0	0	0	0	0	non
1	11	0.218201362	0	0	0	0	3	non
3	34	0.229011939	0	0	0	0	2	non
1	9	0.26402211	0	0	0	0	1	non
2	16	0.219400162	0	0	0	0	0	non
1	13	0.215384615	0	0	0	0	2	non
1	16	0.204353844	0	0	0	0	3	non
2	24	0.225555556	0	0	0	0	1	non
5	20	0.237230365	0	0	0	0	1	non
1	1	0.185798185	0	0	0	0	0	non
2	21	0.19970487	0	0	0	0	2	non
1	15	0.238053357	0	0	0	0	4	non
1	22	0.213132683	0	0	0	0	0	non
1	13	0.211752434	0	0	0	0	3	non
2	2	0.216149068	0	0	0	0	0	non
1	7	0.26402211	0	0	0	0	0	non
3	27	0.220942361	0	0	0	0	1	non
2	19	0.193371701	0	0	0	0	3	non
2	21	0.224412713	0	0	0	0	0	non
1	28	0.18206278	0	0	0	0	1	non
1	16	0.223322332	0	0	0	0	0	non
1	7	0.196610169	0	0	0	0	1	non
4	64	0.241774602	0	0	0	0	0	non
3	34	0.243856049	0	0	0	0	2	non
1	9	0.224547172	0	0	0	0	0	non
1	8	0.186845638	0	0	0	0	0	non
4	43	0.267530613	0	0	0	0	3	non
1	7	0.233098895	0	0	0	0	0	non
1	12	0.224175217	0	0	0	0	1	non
1	22	0.20208221	0	0	0	0	2	non
1	4	0.215785278	0	0	0	0	0	non
3	33	0.206949282	0	0	0	0	1	non
2	16	0.237774524	0	0	0	0	0	non
1	9	0.207974046	0	0	0	0	2	non
1	1	0.202915452	0	0	0	0	0	non
1	11	0.221464612	0	0	0	0	2	non
2	2	0.240901899	0	0	0	0	0	non
2	14	0.182198953	0	0	0	0	1	non
2	23	0.202611661	0	0	0	0	0	non
1	17	0.199835931	0	0	0	0	3	non
1	15	0.20256954	0	0	0	0	0	non
1	15	0.196435771	0	0	0	0	5	non
2	20	0.222475912	0	0	0	0	0	non
3	42	0.247926314	0	0	0	0	2	non
2	23	0.243612181	0	0	0	0	3	non
4	54	0.235510224	0	0	0	0	1	non
4	27	0.26854812	0	0	0	0	0	non
2	30	0.236861296	0	0	0	0	1	non
3	39	0.2325648	0	0	0	0	0	non
1	10	0.192143871	0	0	0	0	1	non
1	1	0.201280727	0	0	0	0	1	non
1	12	0.232265446	0	0	0	0	3	non
2	18	0.196467457	0	0	0	0	3	non
1	4	0.215785278	0	0	0	0	2	non
1	17	0.165102172	0	0	0	0	0	non
1	4	0.191554612	0	0	0	0	0	non
1	8	0.228710919	0	0	0	0	1	non
2	17	0.218956451	0	0	0	0	0	non
1	19	0.204964241	0	0	0	0	3	non
1	15	0.195867171	0	0	0	0	2	non
3	42	0.235989344	0	0	0	0	2	non
1	20	0.237948718	0	0	0	0	0	non
5	67	0.239069631	0	0	0	0	1	non
2	23	0.200518583	0	0	0	0	0	non
1	11	0.244247255	0	0	0	0	4	non
2	12	0.271360143	0	0	0	0	0	non
1	10	0.195020415	0	0	0	0	1	non
3	29	0.243660915	0	0	0	0	3	non
1	11	0.217325364	0	0	0	0	0	non
4	70	0.24718417	0	0	0	0	1	non
2	9	0.264050729	0	0	0	0	2	non
2	23	0.219499009	0	0	0	0	0	non
1	6	0.210781345	0	0	0	0	0	non
1	11	0.237820951	0	0	0	0	0	non
1	1	0.214786404	0	0	0	0	0	non
1	1	0.18147955	0	0	0	0	0	non
3	22	0.209746857	0	0	0	0	1	non
1	13	0.237820951	0	0	0	0	3	non
1	12	0.237820951	0	0	0	0	3	non
2	2	0.253130358	0	0	0	0	0	non
2	36	0.240461971	0	0	0	0	1	non
2	14	0.21701559	0	0	0	0	1	non
1	4	0.205778003	0	0	0	0	0	non
1	13	0.22088226	0	0	0	0	2	non
1	9	0.208802983	0	0	0	0	1	non
1	1	0.237820951	0	0	0	0	0	non
3	47	0.239469157	0	0	0	0	2	non
1	4	0.185275327	0	0	0	0	2	non
4	49	0.242508711	0	0	0	0	2	non
1	13	0.212047354	0	0	0	0	1	non
9	121	0.28441331	0	0	0	0	2	non
1	1	0.237820951	0	0	0	0	0	non
2	28	0.223066709	0	0	0	0	4	non
1	1	0.209539375	0	0	0	0	0	non
1	11	0.195411519	0	0	0	0	0	non
1	1	0.221716574	0	0	0	0	0	non
4	21	0.228196721	0	0	0	0	2	non
2	19	0.192379072	0	0	0	0	0	non
1	1	0.194553151	0	0	0	0	1	non
1	14	0.199541284	0	0	0	0	0	non
1	14	0.196991752	0	0	0	0	3	non
1	6	0.208901466	0	0	0	0	3	non
1	1	0.153768464	0	0	0	0	0	non
2	25	0.248381341	0	0	0	0	0	non
1	14	0.232265446	0	0	0	0	1	non
2	22	0.244014825	0	0	0	0	0	non
2	2	0.270621563	0	0	0	0	0	non
2	20	0.194157733	0	0	0	0	1	non
1	9	0.151116625	0	0	0	0	0	non
1	7	0.209350292	0	0	0	0	0	non
1	17	0.232453838	0	0	0	0	0	non
1	7	0.237820951	0	0	0	0	0	non
1	4	0.207186902	0	0	0	0	0	non
1	6	0.215995744	0	0	0	0	0	non
2	2	0.244332999	0	0	0	0	0	non
1	11	0.203398322	0	0	0	0	0	non
2	24	0.233725114	0	0	0	0	0	non
1	1	0.193019294	0	0	0	0	4	non
3	39	0.234106963	0	0	0	0	2	non
1	1	0.201764194	0	0	0	0	0	non
1	4	0.190267906	0	0	0	0	0	non
2	30	0.229573085	0	0	0	0	0	non
5	46	0.272209185	0	0	0	0	2	non
3	9	0.236930409	0	0	0	0	1	non
2	24	0.219944923	0	0	0	0	0	non
2	48	0.236206729	0	0	0	0	3	non
1	21	0.204379562	0	0	0	0	2	non
5	83	0.244222768	0	0	0	0	2	non
1	8	0.26402211	0	0	0	0	0	non
1	19	0.205180038	0	0	0	0	1	non
3	25	0.256016816	0	0	0	0	0	non
2	31	0.220452489	0	0	0	0	0	non
2	32	0.245354283	0	0	0	0	2	non
1	11	0.210899961	0	0	0	0	0	non
3	3	0.208472401	0	0	0	0	0	non
2	26	0.238952376	0	0	0	0	0	non
2	34	0.221706485	0	0	0	0	3	non
1	1	0.233098895	0	0	0	0	0	non
4	56	0.238577934	0	0	0	0	3	non
1	10	0.219449574	0	0	0	0	2	non
1	8	0.234772552	0	0	0	0	1	non
2	26	0.229529822	0	0	0	0	1	non
1	6	0.216475607	0	0	0	0	1	non
2	2	0.233121202	0	0	0	0	0	non
1	15	0.216475607	0	0	0	0	1	non
2	17	0.199044	0	0	0	0	0	non
3	47	0.211844508	0	0	0	0	0	non
1	16	0.197326853	0	0	0	0	0	non
2	2	0.219173152	0	0	0	0	0	non
1	12	0.203627853	0	0	0	0	2	non
3	52	0.218740179	0	0	0	0	3	non
7	47	0.256057182	0	0	0	0	2	non
3	48	0.244455595	0	0	0	0	3	non
1	8	0.232453838	0	0	0	0	1	non
2	24	0.225848322	0	0	0	0	4	non
2	10	0.268444542	0	0	0	0	1	non
2	17	0.274757501	0	0	0	0	0	non
2	20	0.22160564	0	0	0	0	2	non
4	71	0.232431659	0	0	0	0	2	non
1	9	0.22970297	0	0	0	0	1	non
1	8	0.225097025	0	0	0	0	1	non
1	13	0.215794835	0	0	0	0	0	non
1	12	0.203440788	0	0	0	0	1	non
1	14	0.232453838	0	0	0	0	0	non
1	8	0.221002495	0	0	0	0	2	non
1	17	0.169278343	0	0	0	0	1	non
1	9	0.190543236	0	0	0	0	5	non
2	23	0.205024618	0	0	0	0	0	non
2	34	0.214776935	0	0	0	0	0	non
2	2	0.239257477	0	0	0	0	0	non
5	47	0.230343719	0	0	0	0	2	non
2	26	0.26657912	0	0	0	0	1	non
2	27	0.235089751	0	0	0	0	2	non
3	27	0.245280169	0	0	0	0	0	non
1	17	0.198549189	0	0	0	0	3	non
2	19	0.206152414	0	0	0	0	5	non
2	12	0.212121212	0	0	0	0	0	non
1	11	0.221132898	0	0	0	0	3	non
1	14	0.241570805	0	0	0	0	5	non
2	17	0.208883553	0	0	0	0	0	non
1	9	0.197992441	0	0	0	0	3	non
2	30	0.241200059	0	0	0	0	1	non
4	61	0.270847231	0	0	0	0	0	non
1	5	0.193794749	0	0	0	0	0	non
1	13	0.194444444	0	0	0	0	0	non
1	16	0.195442875	0	0	0	0	3	non
1	12	0.236700189	0	0	0	0	0	non
2	22	0.239351511	0	0	0	0	2	non
2	24	0.230529005	0	0	0	0	2	non
2	15	0.265750286	0	0	0	0	0	non
3	38	0.207010835	0	0	0	0	0	non
1	10	0.187637204	0	0	0	0	1	non
2	30	0.224640354	0	0	0	0	3	non
1	1	0.191758177	0	0	0	0	0	non
1	21	0.20199005	0	0	0	0	3	non
1	1	0.226689001	0	0	0	0	0	non
2	2	0.244247255	0	0	0	0	0	non
4	16	0.255292392	0	0	0	0	0	non
3	22	0.265142857	0	0	0	0	0	non
1	1	0.177260324	0	0	0	0	0	non
1	19	0.208749304	0	0	0	0	0	non
1	4	0.26402211	0	0	0	0	1	non
1	12	0.243563465	0	0	0	0	3	non
2	26	0.232088415	0	0	0	0	1	non
1	1	0.191554612	0	0	0	0	0	non
1	11	0.200592885	0	0	0	0	2	non
1	1	0.26402211	0	0	0	0	0	non
1	11	0.237820951	0	0	0	0	0	non
4	61	0.237218814	0	0	0	0	3	non
1	9	0.209990949	0	0	0	0	1	non
1	12	0.205830165	0	0	0	0	2	non
2	8	0.264079354	0	0	0	0	1	non
1	10	0.237820951	0	0	0	0	2	non
3	32	0.223475987	0	0	0	0	2	non
1	12	0.239222233	0	0	0	0	2	non
1	4	0.218867925	0	0	0	0	0	non
